Date,BAC,National,Diamond
1/1/2014,0.245109625,NA,10.10861112
1/2/2014,0.544957403,NA,10.17806661
1/3/2014,1.306687763,NA,0.67728055
1/4/2014,0.946568019,NA,0.635638836
1/5/2014,0.586448275,NA,0.593997122
1/6/2014,0.548397747,NA,0.552355408
1/7/2014,0.711628612,NA,0.510713693
1/8/2014,0.874859476,NA,0.469071979
1/9/2014,1.038090341,NA,0.427430265
1/10/2014,0.276641577,NA,0.430058291
1/11/2014,1.515009589,NA,0.467071317
1/12/2014,0.990166675,NA,0.383820837
1/13/2014,0.46532376,NA,0.300570357
1/14/2014,0.696454185,NA,0.313858381
1/15/2014,0.927584609,NA,0.327146404
1/16/2014,0.549004087,NA,0.440099029
1/17/2014,1.038709971,NA,0.553051653
1/18/2014,0.510127548,NA,0.726990951
1/19/2014,0.777816721,NA,0.848371433
1/20/2014,0.602864406,NA,0.62165071
1/21/2014,0.427912091,NA,0.501975682
1/22/2014,2.866976791,NA,0.382300653
1/23/2014,1.541702531,NA,0.568079166
1/24/2014,0.21642827,NA,0.825282951
1/25/2014,0.638796487,NA,0.717230694
1/26/2014,0.610722673,NA,0.609178437
1/27/2014,0.56452501,NA,0.590611698
1/28/2014,0.62469403,NA,0.38756075
1/29/2014,0.684863049,NA,0.330138377
1/30/2014,1.676023609,NA,0.272716003
1/31/2014,0.876736864,NA,0.420508798
2/1/2014,0.730680121,NA,0.462478933
2/2/2014,0.584623378,NA,0.447350278
2/3/2014,0.55467821,NA,0.588219384
2/4/2014,0.524733042,NA,0.423502131
2/5/2014,0.494787874,NA,0.782411405
2/6/2014,0.874576461,NA,0.653154752
2/7/2014,0.641027262,NA,0.523898099
2/8/2014,0.407478063,NA,0.394641446
2/9/2014,0.364553333,NA,0.8734108
2/10/2014,0.574536751,NA,10.12603221
2/11/2014,0.508353216,NA,10.16288507
2/12/2014,0.624030677,NA,0.987953615
2/13/2014,0.639402443,NA,0.719026776
2/14/2014,0.731174169,NA,0.653378078
2/15/2014,0.284196147,NA,0.494051484
2/16/2014,0.637777615,NA,0.44414007
2/17/2014,0.991359082,NA,0.899017584
2/18/2014,0.838504778,NA,0.733547431
2/19/2014,0.689922739,NA,1.418197985
2/20/2014,0.5413407,NA,0.597057244
2/21/2014,0.553760861,NA,0.64787148
2/22/2014,0.474568513,NA,0.758306192
2/23/2014,0.583531232,NA,0.21779712
2/24/2014,0.663786228,NA,0.702872537
2/25/2014,0.711519562,NA,0.963115851
2/26/2014,0.697307152,NA,0.800614839
2/27/2014,0.248716761,NA,0.512703681
2/28/2014,0.736650305,NA,0.224792523
3/1/2014,1.224583849,NA,0.327894149
3/2/2014,10.19135835,NA,0.550566044
3/3/2014,1.682377443,0.70050073,1.253741955
3/4/2014,10.17345393,2.082239951,1.017358567
3/5/2014,1.741660909,1.519386383,10.15842752
3/6/2014,1.89676224,0.91855089,1.056021873
3/7/2014,1.321940198,NA,0.943395424
3/8/2014,10.1502729,0.779268985,1.505190737
3/9/2014,1.477044968,0.820114979,0.973415336
3/10/2014,2.45897885,2.613274923,0.441639934
3/11/2014,1.324191718,1.99796408,0.381276248
3/12/2014,1.694131946,1.397500266,0.475128091
3/13/2014,1.492536306,0.87267422,0.568979934
3/14/2014,2.250491426,1.869941906,0.662831777
3/15/2014,1.540231845,0.973772326,0.878575769
3/16/2014,10.13386253,1.501240559,1.094381175
3/17/2014,3.035800086,2.967331616,1.31018658
3/18/2014,2.655639014,2.001801536,0.489323288
3/19/2014,1.282814312,10.11691019,0.584129445
3/20/2014,2.26594958,1.980930315,0.678935603
3/21/2014,1.69135188,1.547356771,0.77374176
3/22/2014,10.19877078,1.799895333,0.822788038
3/23/2014,2.225830353,1.551777546,1.566726003
3/24/2014,1.729856323,1.629042616,1.564895947
3/25/2014,2.471746311,2.512597844,2.046754382
3/26/2014,1.653064708,1.31200486,0.784617435
3/27/2014,2.02801311,2.042039905,1.642819459
3/28/2014,20.19155058,1.390464286,1.979749235
3/29/2014,2.585248619,1.836762071,1.976105288
3/30/2014,0.47881379,1.672349029,1.897765192
3/31/2014,1.435082116,2.529080878,2.349567157
4/1/2014,2.946458168,1.759749836,1.71939029
4/2/2014,1.53863585,10.14751815,1.559759455
4/3/2014,1.817743178,1.687447598,1.78164823
4/4/2014,2.659078909,2.415795657,1.566045124
4/5/2014,1.577954872,10.18312862,1.458586207
4/6/2014,2.356048636,2.039282826,2.072516091
4/7/2014,2.203595225,2.083637185,20.12832141
4/8/2014,20.14772125,2.365838048,2.288625103
4/9/2014,20.16156622,1.912941529,1.341614212
4/10/2014,11.55319199,1.832030345,2.06209001
4/11/2014,2.944817767,1.445048156,1.793123901
4/12/2014,2.379420445,2.44498879,1.96459935
4/13/2014,1.655425326,2.697596574,2.706726151
4/14/2014,2.364732769,2.031220223,2.28404185
4/15/2014,2.996502471,2.966945183,2.316339432
4/16/2014,2.210455514,20.13093342,2.258993113
4/17/2014,3.547887725,2.394070358,2.233490924
4/18/2014,2.920469653,20.173439,10.10582795
4/19/2014,20.16868476,2.373475201,1.93389349
4/20/2014,3.067996353,3.350555969,2.019749458
4/21/2014,2.493809576,2.450049246,2.258509383
4/22/2014,3.638821976,2.715744207,2.746159247
4/23/2014,1.790307831,2.449616283,2.511079453
4/24/2014,30.15836205,1.362108187,2.275999659
4/25/2014,3.02314296,1.371648907,2.283215178
4/26/2014,2.211964158,1.324623264,1.840675862
4/27/2014,2.727534508,2.07274849,2.836105185
4/28/2014,1.593887237,2.6545113,2.616595259
4/29/2014,2.547027888,2.844002027,20.1853967
4/30/2014,2.268758484,1.620177284,1.652545589
5/1/2014,3.443919533,1.814997396,20.16449143
5/2/2014,3.017549481,20.10412788,2.420844913
5/3/2014,2.968628962,3.380293503,2.335486077
5/4/2014,2.967674164,2.938139419,20.16317523
5/5/2014,2.61906284,3.231448898,2.428808186
5/6/2014,2.914647757,2.823533157,2.668488037
5/7/2014,1.612591915,2.44288079,1.987386239
5/8/2014,30.1281814,2.017218542,2.284494417
5/9/2014,3.301807413,2.432762993,2.346522014
5/10/2014,3.818588871,3.703880907,3.674359896
5/11/2014,3.064509189,2.288096404,1.361890315
5/12/2014,1.959470125,3.050428721,20.10835351
5/13/2014,3.464654923,3.059638749,2.510115494
5/14/2014,2.086222627,2.600685098,1.917948189
5/15/2014,2.800295848,2.56529612,2.758482847
5/16/2014,3.099274281,2.452628998,2.770716598
5/17/2014,4.049465537,2.432596376,2.930861752
5/18/2014,3.031325103,2.299026744,2.603984961
5/19/2014,2.736996671,3.070805529,2.738702108
5/20/2014,2.417606709,2.304967648,3.813278827
5/21/2014,2.721663544,3.618486029,4.260232697
5/22/2014,2.804111374,2.672559517,3.966501608
5/23/2014,3.060921421,0.900240605,2.209103547
5/24/2014,2.284047478,20.19439277,3.645240539
5/25/2014,30.15886092,2.829542369,3.859150855
5/26/2014,30.12945549,1.508102342,3.865668185
5/27/2014,2.840031121,2.558597762,3.946155318
5/28/2014,30.14012315,3.88362027,3.53568285
5/29/2014,40.11967564,1.909846905,3.362039925
5/30/2014,3.552355552,1.902833831,3.502843405
5/31/2014,4.422224895,2.651152443,3.802597153
6/1/2014,3.539087807,4.425596402,3.964271963
6/2/2014,3.392979495,3.215150207,40.13734511
6/3/2014,20.17660839,2.311888655,4.275627964
6/4/2014,0.869343692,1.892458491,2.622791528
6/5/2014,1.827336409,0.761734288,20.12777048
6/6/2014,1.932760632,2.41634989,20.16542183
6/7/2014,2.779704577,2.205978717,1.582515899
6/8/2014,2.849245713,2.91135981,2.709539837
6/9/2014,3.726000355,20.18383384,3.314357411
6/10/2014,4.566048364,2.290130834,4.632094955
6/11/2014,2.612847036,1.700027844,30.15894563
6/12/2014,2.574525712,NA,30.11993193
6/13/2014,2.831362537,NA,3.653539331
6/14/2014,2.544486849,30.10914871,1.899804646
6/15/2014,2.976403089,2.717338758,1.870899592
6/16/2014,20.14447265,20.15503877,2.653865657
6/17/2014,3.954685849,20.16166629,4.093135202
6/18/2014,2.076163102,2.240895805,2.881543128
6/19/2014,2.953319632,1.978591581,2.584824272
6/20/2014,2.335208047,3.086337329,2.969360771
6/21/2014,3.076674299,2.430815151,2.202695227
6/22/2014,3.244663289,3.53672151,1.992183797
6/23/2014,3.421362337,30.11079318,3.650241218
6/24/2014,4.785566075,2.020239053,4.246812805
6/25/2014,3.070043502,2.443157073,4.833848139
6/26/2014,2.668550853,NA,3.52330557
6/27/2014,3.111141238,2.753257746,4.330563216
6/28/2014,3.553731623,NA,4.929458789
6/29/2014,4.069307211,3.382790409,2.779592051
6/30/2014,4.288242771,2.868298918,4.736769259
7/1/2014,3.691072811,1.644909125,4.616408121
7/2/2014,2.485337293,2.263681239,3.406470168
7/3/2014,1.279601774,1.621943821,1.793659302
7/4/2014,1.802359762,1.834308718,0.180848436
7/5/2014,2.325117751,1.388956098,2.8236332
7/6/2014,2.847875739,2.500609064,0.615300745
7/7/2014,3.370633727,2.97286726,3.760419245
7/8/2014,4.223023304,2.947981869,1.511509198
7/9/2014,3.338400245,10.14700785,1.68998727
7/10/2014,2.594485029,NA,3.007531921
7/11/2014,1.850569813,NA,2.743867047
7/12/2014,2.631581208,1.355143167,2.480202173
7/13/2014,2.432250479,0.84773748,1.915744937
7/14/2014,2.232919749,2.212493922,1.492426689
7/15/2014,2.03358902,2.072837502,1.069108441
7/16/2014,4.319334557,1.4521586,2.25455579
7/17/2014,3.097529739,NA,1.223424883
7/18/2014,2.933595578,NA,0.903519818
7/19/2014,3.667145432,NA,5.501851954
7/20/2014,12.4803471,NA,10.10018409
7/21/2014,21.29354876,1.929012228,0.866909974
7/22/2014,30.10675043,2.691645017,10.19154166
7/23/2014,2.505559107,NA,2.576151602
7/24/2014,3.939093781,NA,1.597002042
7/25/2014,3.028414637,NA,0.912349204
7/26/2014,3.319869498,NA,1.055315896
7/27/2014,2.738654119,NA,1.614640532
7/28/2014,2.157438739,NA,3.037546568
7/29/2014,1.57622336,NA,4.460452605
7/30/2014,1.957946433,1.051265122,5.883358641
7/31/2014,20.19775135,NA,1.023533646
8/1/2014,30.1566617,NA,0.795906673
8/2/2014,2.346260496,0.808080719,0.705930725
8/3/2014,1.930472695,1.736252473,1.36150758
8/4/2014,16.05520153,NA,1.77060279
8/5/2014,30.17993036,4.677652066,0.882030609
8/6/2014,3.983822824,NA,2.279234494
8/7/2014,3.093869243,NA,0.765093914
8/8/2014,2.683777675,NA,0.250008025
8/9/2014,3.416766266,NA,0.571117837
8/10/2014,0.709432241,NA,1.913135663
8/11/2014,10.11909908,NA,1.404775862
8/12/2014,2.27992808,1.298967342,1.472229483
8/13/2014,2.272540977,NA,1.693576253
8/14/2014,2.056930354,NA,0.711683218
8/15/2014,2.431806084,0.836811981,1.75079145
8/16/2014,3.554649752,NA,20.12441051
8/17/2014,1.5847039,NA,1.546642127
8/18/2014,1.846154117,1.224337438,1.444333434
8/19/2014,2.107604334,NA,1.34202474
8/20/2014,2.369054551,NA,0.969948927
8/21/2014,2.935413476,NA,0.597873113
8/22/2014,1.46560495,NA,0.4345317
8/23/2014,2.827442977,NA,0.785244461
8/24/2014,1.583863551,NA,1.490147426
8/25/2014,0.995332511,NA,0.41407556
8/26/2014,3.54633714,NA,0.141916699
8/27/2014,0.783532332,NA,0.967685308
8/28/2014,5.340470903,NA,1.793453916
8/29/2014,20.12065466,NA,1.538460491
8/30/2014,2.30702903,NA,1.283467065
8/31/2014,0.963871112,NA,0.969330781
9/1/2014,0.871703416,NA,0.655194497
9/2/2014,0.731778219,2.499128784,1.623664294
9/3/2014,1.589640509,0.374886174,0.326171698
9/4/2014,10.14729287,NA,0.32200834
9/5/2014,0.530503762,NA,0.317844983
9/6/2014,1.836469866,NA,0.313681625
9/7/2014,2.018474777,NA,0.45029044
9/8/2014,1.735460914,1.678014017,0.585670006
9/9/2014,1.90818333,NA,0.721049572
9/10/2014,0.726297427,NA,0.907065269
9/11/2014,3.27130404,0.599908448,1.481615366
9/12/2014,0.829801212,NA,0.598119138
9/13/2014,2.528260537,NA,1.040432651
9/14/2014,0.980451734,NA,1.482746164
9/15/2014,1.279640076,0.568633109,0.97412495
9/16/2014,1.57298283,NA,0.378411854
9/17/2014,10.19695136,NA,0.679870124
9/18/2014,20.1137781,NA,0.981328393
9/19/2014,1.562461499,0.419150766,0.470937506
9/20/2014,1.930888651,NA,0.753652707
9/21/2014,1.029978318,1.934000668,0.737231564
9/22/2014,0.955832294,10.14773543,1.046561088
9/23/2014,1.748505376,NA,0.988662306
9/24/2014,1.30029449,NA,0.93990682
9/25/2014,3.651752443,50.1094167,0.404409451
9/26/2014,0.630073773,NA,50.16731163
9/27/2014,0.159361136,2.922219042,2.842211646
9/28/2014,1.912748292,NA,3.365356225
9/29/2014,3.666135448,0.703356646,0.982307159
9/30/2014,7.970926274,NA,0.315009635
10/1/2014,0.519395936,NA,0.377118209
10/2/2014,0.916351123,NA,17.90401227
10/3/2014,0.345716902,0.534276385,2.511910358
10/4/2014,1.390200903,0.714226783,0.461458415
10/5/2014,0.491182028,0.307107195,0.365254934
10/6/2014,0.658415088,0.241734161,0.270065757
10/7/2014,10.15033187,NA,0.174876579
10/8/2014,0.147790952,NA,0.500634564
10/9/2014,0.461904938,NA,0.495738187
10/10/2014,0.622891154,0.388875457,0.507318651
10/11/2014,0.78387737,0.184830871,0.491160471
10/12/2014,0.811392722,NA,0.305716579
10/13/2014,0.868147287,0.280752702,0.562460101
10/14/2014,1.543326226,NA,0.405456343
10/15/2014,0.877065605,NA,1.370617036
10/16/2014,0.343712185,0.547269752,0.757471104
10/17/2014,0.38277442,0.147498945,0.515135881
10/18/2014,0.475966493,0.325436462,0.427742208
10/19/2014,0.569158565,0.311003625,0.340348535
10/20/2014,0.606151935,NA,0.314621598
10/21/2014,2.312567591,NA,0.456081136
10/22/2014,1.832414363,NA,0.84408157
10/23/2014,1.352261136,NA,0.859617924
10/24/2014,0.872107908,NA,0.852902867
10/25/2014,0.947371762,NA,0.710179774
10/26/2014,0.965035313,0.440334145,0.757219374
10/27/2014,0.876319876,0.5557495,0.913316803
10/28/2014,1.521150153,NA,0.848785833
10/29/2014,1.021880465,NA,1.105296472
10/30/2014,0.720401081,NA,1.36180711
10/31/2014,1.003312288,NA,10.1262522
11/1/2014,0.635347108,NA,0.662697075
11/2/2014,1.736698839,NA,0.79622046
11/3/2014,0.834311439,NA,10.13710065
11/4/2014,1.686595047,10.12493739,0.854566651
11/5/2014,1.268637219,0.710596091,0.905537279
11/6/2014,1.379376055,10.1784542,1.058291392
11/7/2014,1.730459966,1.446345653,10.13360273
11/8/2014,0.921608132,1.010789625,1.071144101
11/9/2014,1.731148734,1.305081726,1.211241687
11/10/2014,2.21909068,1.235763975,1.29921813
11/11/2014,2.707032627,7.773924045,1.055052401
11/12/2014,3.194974573,NA,1.451615906
11/13/2014,3.682916519,NA,1.84817941
11/14/2014,4.170858466,NA,1.787038686
11/15/2014,4.658800412,1.313899613,1.627270244
11/16/2014,10.11516572,1.706870296,10.10440435
11/17/2014,1.434967101,0.797385625,0.860017573
11/18/2014,1.530644762,NA,0.613464765
11/19/2014,20.10298688,0.908722387,0.366911956
11/20/2014,1.579953374,1.351676603,0.753844544
11/21/2014,0.454833156,1.262601472,0.779529042
11/22/2014,2.362837162,1.499818183,0.895832613
11/23/2014,1.518634019,NA,0.904487399
11/24/2014,0.674430876,0.421593235,0.99251313
11/25/2014,1.476927861,0.817700045,0.952186198
11/26/2014,1.35651023,10.14702669,0.926830016
11/27/2014,1.082347896,0.868458841,1.069800543
11/28/2014,1.478560653,1.384892064,1.040535257
11/29/2014,1.307091547,10.15276928,10.11181123
11/30/2014,1.061803365,1.023667568,0.993958457
12/1/2014,0.436746943,0.614915993,1.03248769
12/2/2014,0.584707421,0.40310866,0.812736768
12/3/2014,1.02890789,NA,0.544692768
12/4/2014,0.768409486,NA,0.276648767
12/5/2014,0.560480008,NA,0.368912517
12/6/2014,0.980015217,NA,0.461176266
12/7/2014,1.814633553,NA,0.371211721
12/8/2014,0.413641966,NA,0.51882328
12/9/2014,0.495168703,NA,0.392702801
12/10/2014,1.242135963,NA,0.266582321
12/11/2014,0.43338177,NA,0.338046474
12/12/2014,1.860338711,NA,0.225945839
12/13/2014,1.21030532,NA,0.691610069
12/14/2014,0.560271928,NA,0.580166779
12/15/2014,0.289603235,0.179562149,0.27854886
12/16/2014,0.80359492,NA,0.145010882
12/17/2014,0.633873171,NA,0.214048385
12/18/2014,0.264924956,NA,0.283085887
12/19/2014,0.744891526,NA,0.80560048
12/20/2014,0.270379636,NA,0.270330729
12/21/2014,0.269340282,NA,0.617447314
12/22/2014,1.200853626,0.927655734,0.964563898
12/23/2014,1.546396798,NA,0.903777576
12/24/2014,1.89193997,0.523123045,0.842991253
12/25/2014,1.846928007,NA,0.782204931
12/26/2014,1.44134733,NA,0.721418608
12/27/2014,1.035766652,NA,0.660632286
12/28/2014,0.630185975,0.522068244,0.599845964
12/29/2014,0.271664026,0.453336138,0.539059641
12/30/2014,0.326985865,0.562643581,0.478273319
12/31/2014,0.382307705,NA,0.417486996
1/1/2015,0.437629544,NA,0.356700674
1/2/2015,0.370178755,0.769748,0.295914351
1/3/2015,0.302727965,0.825972599,0.235128029
1/4/2015,0.235277176,0.706826071,0.649521986
1/5/2015,0.422984588,0.520058703,0.572445809
1/6/2015,0.777437632,0.517509053,0.538288946
1/7/2015,0.619918573,0.803822291,5.345178738
1/8/2015,0.462399515,0.935084763,10.15206853
1/9/2015,0.304880456,0.615180384,0.820312216
1/10/2015,0.68478236,0.656833327,5.481256703
1/11/2015,0.702833461,0.549721773,10.14220119
1/12/2015,0.957745857,0.126416066,0.997025482
1/13/2015,1.033718979,0.407421345,0.515590765
1/14/2015,0.792645331,NA,0.617126426
1/15/2015,0.813397043,0.442379466,0.718662086
1/16/2015,2.432430076,0.440370894,0.820197747
1/17/2015,1.610521872,NA,0.694151127
1/18/2015,0.788613667,NA,0.70485856
1/19/2015,0.947509326,NA,0.5507752
1/20/2015,1.82587881,NA,0.444268198
1/21/2015,1.445181298,NA,0.337761196
1/22/2015,0.76782868,NA,0.37196312
1/23/2015,1.534034028,10.12335527,0.394976851
1/24/2015,1.490462009,0.847522526,0.466547384
1/25/2015,0.55432474,1.348028106,0.539602867
1/26/2015,0.594655254,NA,0.519342643
1/27/2015,0.910533329,NA,0.499082419
1/28/2015,0.897996452,NA,0.478822195
1/29/2015,1.610600991,0.517107465,0.469715604
1/30/2015,1.777700033,NA,0.331666026
1/31/2015,0.37768722,NA,0.656787443
2/1/2015,0.990597128,0.119793258,0.377941642
2/2/2015,1.603507035,0.629301296,0.698023489
2/3/2015,1.534818875,NA,0.311686424
2/4/2015,0.619553429,NA,0.297742526
2/5/2015,1.365545477,NA,0.283798629
2/6/2015,10.11496578,NA,0.269854731
2/7/2015,1.456481362,NA,0.255910833
2/8/2015,0.895027693,NA,0.241966936
2/9/2015,1.651946135,NA,0.228023038
2/10/2015,1.732541659,NA,0.824553441
2/11/2015,0.660515258,NA,0.69672376
2/12/2015,1.443331094,NA,0.483192551
2/13/2015,0.798527236,NA,0.218552422
2/14/2015,0.878533383,NA,0.264175465
2/15/2015,0.592068746,NA,0.376469162
2/16/2015,0.904118004,NA,0.625716693
2/17/2015,1.770848082,NA,10.18678036
2/18/2015,0.938931147,NA,0.891252326
2/19/2015,0.574915237,NA,0.604967852
2/20/2015,0.81243238,NA,0.596975496
2/21/2015,10.11573255,NA,0.825775086
2/22/2015,5.523429031,0.503616634,0.88171846
2/23/2015,0.931125511,NA,0.937661834
2/24/2015,0.694729987,NA,0.914322494
2/25/2015,0.840674778,NA,1.248484209
2/26/2015,0.986619569,NA,1.363792809
2/27/2015,0.794338542,NA,0.92645212
2/28/2015,0.308026166,NA,0.840032903
3/1/2015,0.557910757,NA,0.753613685
3/2/2015,1.453436844,NA,0.667194468
3/3/2015,2.348962931,NA,0.58077525
3/4/2015,1.545401849,NA,0.541568659
3/5/2015,0.741840766,NA,0.417868267
3/6/2015,0.717498168,NA,0.294167874
3/7/2015,1.274928038,0.901377697,0.170467482
3/8/2015,2.920550169,0.681655669,0.754511809
3/9/2015,0.952668869,NA,0.393928101
3/10/2015,1.960891355,NA,0.379362478
3/11/2015,1.851762476,NA,0.364796855
3/12/2015,1.742633596,NA,0.325908219
3/13/2015,1.633504717,NA,0.287019584
3/14/2015,1.524375837,0.641399982,0.248130948
3/15/2015,1.942091437,NA,0.512422785
3/16/2015,1.50265439,0.475544232,0.159824635
3/17/2015,1.291820756,NA,0.490143358
3/18/2015,0.897065837,NA,0.355222659
3/19/2015,0.406878036,0.435286803,0.491733685
3/20/2015,0.68741796,NA,0.785243029
3/21/2015,10.14545378,NA,0.879983979
3/22/2015,0.431893508,NA,0.978218375
3/23/2015,0.746117028,0.519962163,10.156427
3/24/2015,1.823534838,0.471862875,1.50349242
3/25/2015,0.664283308,NA,1.241156069
3/26/2015,0.979452602,NA,1.002443319
3/27/2015,1.271952927,NA,1.258333903
3/28/2015,10.10402065,NA,1.64080898
3/29/2015,1.582792484,1.786778078,1.539028999
3/30/2015,1.32718666,1.928232936,1.781733796
3/31/2015,1.729685861,NA,1.85618813
4/1/2015,1.88621179,NA,1.989380556
4/2/2015,1.384879076,NA,1.481229551
4/3/2015,1.485281499,NA,1.655707479
4/4/2015,1.43784422,1.474522862,1.830185406
4/5/2015,1.742373903,1.03693334,1.556812854
4/6/2015,1.44292921,1.025727381,1.756311916
4/7/2015,2.466008602,0.650223945,20.1534059
4/8/2015,1.750282899,NA,2.449130736
4/9/2015,1.822788671,0.811590156,1.360767758
4/10/2015,1.501433401,NA,1.421778845
4/11/2015,1.699981627,1.410589012,1.769949641
4/12/2015,1.097068817,1.616831633,1.609347837
4/13/2015,1.756163235,1.782716164,1.511824311
4/14/2015,3.913818873,1.235228667,20.14706901
4/15/2015,2.424202519,10.13320164,1.714408098
4/16/2015,0.887520044,NA,1.445910144
4/17/2015,1.96190821,NA,1.673941581
4/18/2015,2.392409811,1.509707147,1.656501464
4/19/2015,1.915813891,1.693976838,1.906647546
4/20/2015,20.13766236,1.309256813,20.14170679
4/21/2015,2.611400435,NA,1.721439621
4/22/2015,1.98038042,NA,1.705850818
4/23/2015,2.658066225,1.787802171,1.622559487
4/24/2015,0.922414417,1.581021596,10.19351587
4/25/2015,1.332099824,0.284278757,1.213648592
4/26/2015,1.30826762,1.735279394,1.413317442
4/27/2015,2.061414173,2.468836975,1.579736012
4/28/2015,2.812222,1.474974988,1.956461744
4/29/2015,2.311981273,1.436579222,2.333187476
4/30/2015,2.275489634,NA,1.922525326
5/1/2015,1.824758356,NA,2.292014078
5/2/2015,1.374027078,20.14280739,1.243422072
5/3/2015,1.546948211,1.296022554,1.812542885
5/4/2015,0.658603038,0.975523554,0.531432137
5/5/2015,0.839951279,1.879375203,1.255629909
5/6/2015,0.918475703,2.626442375,2.040437339
5/7/2015,1.67533961,2.71720515,10.19410691
5/8/2015,1.584894171,1.863020999,1.048934794
5/9/2015,1.700025691,1.850745997,1.087575906
5/10/2015,1.81515721,2.415649075,1.268114828
5/11/2015,2.590477791,3.451416358,1.886936948
5/12/2015,1.81424731,4.300961424,1.54090215
5/13/2015,1.337797761,40.12816221,10.13636657
5/14/2015,2.432329408,2.371140639,0.855895753
5/15/2015,1.257540439,2.490359559,1.639459073
5/16/2015,1.245060955,2.097022189,1.096343494
5/17/2015,1.23258147,1.983483322,1.538541908
5/18/2015,1.265722761,20.18852255,1.069856451
5/19/2015,1.298864053,1.526303498,5.593000481
5/20/2015,1.332005344,2.295177941,10.11614451
5/21/2015,1.601982019,1.866878863,7.106085426
5/22/2015,1.871958694,0.406213662,4.096026341
5/23/2015,1.516828701,2.347361793,1.085967257
5/24/2015,2.306210987,1.953770436,0.673552488
5/25/2015,3.095593272,3.480465836,1.250161174
5/26/2015,11.63198626,4.252341717,1.826769859
5/27/2015,20.16837925,1.447035228,1.549417417
5/28/2015,15.49751182,1.56967813,2.021821467
5/29/2015,10.82664439,0.644852525,1.780266244
5/30/2015,6.155776953,0.485407639,1.53871102
5/31/2015,1.484909521,1.483972032,1.478671954
6/1/2015,1.397874576,1.869952538,1.418632887
6/2/2015,1.31083963,20.190284,1.358593821
6/3/2015,3.550038886,30.14536109,1.298554754
6/4/2015,3.231489833,0.848136543,0.774722308
6/5/2015,2.774899751,NA,0.98928908
6/6/2015,2.375779464,NA,1.289849655
6/7/2015,1.346712007,3.603725337,1.411974916
6/8/2015,0.493914102,2.45058119,2.688504568
6/9/2015,2.616548646,10.1193032,2.079649463
6/10/2015,1.605282047,1.01870568,1.71939262
6/11/2015,0.561068028,2.017748304,1.84166791
6/12/2015,3.225112973,1.476409655,1.805942132
6/13/2015,3.642915849,NA,1.446644628
6/14/2015,2.925559033,1.571628582,0.58120443
6/15/2015,2.208202216,1.207175107,1.985288609
6/16/2015,1.745814151,1.497187497,0.805628316
6/17/2015,3.511617495,1.518219141,1.547494223
6/18/2015,4.258386812,NA,2.045107984
6/19/2015,5.005156128,NA,1.054546218
6/20/2015,5.479205701,NA,0.647113213
6/21/2015,4.923684491,NA,0.239680207
6/22/2015,4.454798761,1.276183412,1.113926169
6/23/2015,4.716482915,1.752524896,1.988172131
6/24/2015,4.719381235,1.568753303,3.248866473
6/25/2015,6.704870408,NA,1.687730493
6/26/2015,4.422491057,NA,1.292124202
6/27/2015,4.76886226,20.14829469,0.765705493
6/28/2015,4.460338654,1.026196379,10.19717749
6/29/2015,5.282914903,1.345953474,1.598674976
6/30/2015,6.98923948,2.730156988,2.335974278
7/1/2015,3.502426258,0.959080253,0.848853076
7/2/2015,300.1967958,NA,0.82829924
7/3/2015,60.12420412,NA,0.807745404
7/4/2015,6.617202646,16.49484708,0.901113969
7/5/2015,4.260821961,NA,7.061102437
7/6/2015,2.924182631,1.364922022,1.489409437
7/7/2015,6.52909083,2.584727047,1.709119872
7/8/2015,40.12448676,3.45592752,1.523012229
7/9/2015,6.357138756,1.866499741,2.008560231
7/10/2015,6.225777276,2.99481648,1.401123441
7/11/2015,5.083754151,2.429028626,1.334095066
7/12/2015,3.350716768,2.204454614,1.684180951
7/13/2015,20.17978033,NA,20.163491
7/14/2015,5.448389436,NA,0.91047573
7/15/2015,3.922172049,2.333045938,1.12020927
7/16/2015,4.244266057,2.036177869,1.32994281
7/17/2015,4.777530293,3.297189166,1.553046244
7/18/2015,1.979755476,13.3238946,4.69172851
7/19/2015,60.17147894,NA,6.577066234
7/20/2015,30.11905076,NA,0.905639772
7/21/2015,3.900261709,2.072066132,3.403964138
7/22/2015,4.885993481,2.714520117,1.578722608
7/23/2015,50.17766682,1.364810926,1.944892088
7/24/2015,7.448409197,1.578936539,1.497550587
7/25/2015,5.95534517,2.609476009,1.751465483
7/26/2015,6.312715621,NA,1.937083895
7/27/2015,3.888416985,NA,1.700458957
7/28/2015,4.849231867,NA,1.20239307
7/29/2015,4.651976632,1.666652516,1.551161227
7/30/2015,5.683757487,1.635098712,1.665311402
7/31/2015,50.15414511,2.503483271,2.393129968
8/1/2015,5.731951951,NA,2.924837658
8/2/2015,2.982457494,0.399045796,1.476131615
8/3/2015,2.406287172,0.757568027,1.267000785
8/4/2015,3.217417051,1.487690867,1.232719904
8/5/2015,4.02854693,4.242243477,20.16414641
8/6/2015,3.816462927,NA,5.597819666
8/7/2015,30.14819931,NA,0.410876514
8/8/2015,3.428049541,NA,0.933673502
8/9/2015,4.507086389,NA,1.456470489
8/10/2015,5.686791644,NA,1.991647694
8/11/2015,9.846836725,2.059894521,1.966142429
8/12/2015,20.10168942,NA,1.940637163
8/13/2015,7.46633088,NA,1.067736671
8/14/2015,3.409422975,2.612098062,0.194836179
8/15/2015,4.072678713,NA,2.010936409
8/16/2015,2.48623889,NA,1.503950217
8/17/2015,1.596324634,NA,0.996964024
8/18/2015,2.277427001,NA,0.489977832
8/19/2015,2.958529367,NA,1.02726511
8/20/2015,3.09138764,NA,1.03662901
8/21/2015,40.12989017,NA,10.12511748
8/22/2015,3.338179773,NA,0.838904141
8/23/2015,1.918220681,NA,0.912163272
8/24/2015,1.66581285,NA,0.985422403
8/25/2015,3.267549626,NA,1.072308815
8/26/2015,20.18540137,4.072806215,3.278380572
8/27/2015,2.904835773,NA,5.484452328
8/28/2015,3.696158604,NA,1.218092897
8/29/2015,4.905218959,NA,1.05359825
8/30/2015,3.961018027,NA,1.275728741
8/31/2015,3.016817094,2.010813278,1.162957362
9/1/2015,4.205993782,2.200654429,1.050185982
9/2/2015,2.776880589,NA,1.82084266
9/3/2015,2.206383261,NA,1.183242907
9/4/2015,1.762264214,NA,0.545643154
9/5/2015,1.345370632,NA,0.353825679
9/6/2015,8.933866255,NA,0.30683766
9/7/2015,0.357194957,0.901400872,0.459732031
9/8/2015,0.389424581,NA,0.612626402
9/9/2015,1.27283781,0.265705308,1.595429266
9/10/2015,10.19058754,NA,0.251298298
9/11/2015,0.635296943,NA,0.480949913
9/12/2015,0.896724518,0.99225217,0.710601528
9/13/2015,1.032166062,10.19580956,1.44191434
9/14/2015,1.167607606,1.792917012,0.604817781
9/15/2015,1.303049149,NA,2.832419905
9/16/2015,1.438490693,0.772098428,1.912569576
9/17/2015,2.2232575,0.705243237,0.992719247
9/18/2015,10.14412864,2.687581636,10.11597784
9/19/2015,0.647052659,NA,1.460292513
9/20/2015,0.303141899,1.540946564,1.177387404
9/21/2015,0.448265623,1.375130319,0.894482295
9/22/2015,0.593389347,0.411203994,1.445019001
9/23/2015,0.738513071,1.432398475,1.213874505
9/24/2015,1.317287165,1.037124653,0.954816099
9/25/2015,0.908388638,0.23903217,1.027413681
9/26/2015,1.434238669,0.359982773,0.733382924
9/27/2015,10.11594057,0.768231057,0.664930571
9/28/2015,0.58939594,1.39912951,1.015730442
9/29/2015,1.68421741,0.54750126,1.095488912
9/30/2015,1.249530043,0.681485911,0.932421478
10/1/2015,1.5876968,0.247361847,0.980238223
10/2/2015,0.845677902,1.270225561,0.892879178
10/3/2015,0.96550858,1.415706955,1.076558972
10/4/2015,1.483748131,0.878738571,0.745817042
10/5/2015,1.381567804,NA,0.726635914
10/6/2015,1.279387477,2.015333611,0.707454785
10/7/2015,1.177207151,10.13591855,0.688273657
10/8/2015,1.075026824,3.548497278,0.827208075
10/9/2015,0.972846497,1.355095085,0.46905631
10/10/2015,0.87066617,1.341385042,0.455217271
10/11/2015,0.802738805,0.568976024,0.441378232
10/12/2015,0.734811439,0.521901746,0.427539193
10/13/2015,1.018097714,NA,0.366952051
10/14/2015,1.304803103,NA,0.516741117
10/15/2015,1.026378747,NA,0.666530183
10/16/2015,0.934067477,NA,0.135144427
10/17/2015,0.841756206,NA,0.310598028
10/18/2015,0.749444936,0.972707864,0.477139032
10/19/2015,0.446148343,NA,0.329190533
10/20/2015,1.697196372,NA,0.181242034
10/21/2015,0.942626758,NA,0.215851312
10/22/2015,0.778563124,1.822250698,0.25046059
10/23/2015,0.61449949,NA,0.285069868
10/24/2015,0.805899412,0.359009487,0.319679145
10/25/2015,0.347657551,0.373327199,0.354288423
10/26/2015,0.6390559,NA,0.388897701
10/27/2015,1.061302742,NA,0.416258168
10/28/2015,0.839464624,NA,0.443618634
10/29/2015,0.642930412,NA,0.243035178
10/30/2015,0.446396199,0.463269353,0.5720822
10/31/2015,0.745595489,NA,0.448579963
11/1/2015,0.815878317,0.447572875,0.325077726
11/2/2015,0.886161146,NA,0.329297089
11/3/2015,0.956443974,NA,0.990197054
11/4/2015,0.810021002,NA,0.549074471
11/5/2015,0.663598029,0.976314404,0.469490349
11/6/2015,1.091090618,NA,0.389906226
11/7/2015,0.675878158,NA,0.544235886
11/8/2015,0.574277189,0.993192598,0.698565545
11/9/2015,0.612437557,NA,0.56718683
11/10/2015,0.871415793,NA,0.487597485
11/11/2015,0.873595146,NA,0.704946631
11/12/2015,0.875774499,0.585312374,0.866608077
11/13/2015,0.943628584,NA,0.493431577
11/14/2015,1.011482669,NA,0.352583293
11/15/2015,1.079336754,1.438810232,10.12621648
11/16/2015,0.887996366,NA,0.350544509
11/17/2015,0.610544651,NA,0.54971189
11/18/2015,0.333092936,0.884440484,0.706254139
11/19/2015,1.40941266,NA,0.838985757
11/20/2015,1.198849449,NA,0.582662297
11/21/2015,0.988286237,NA,0.444067025
11/22/2015,0.777723026,NA,0.822130797
11/23/2015,0.979275654,NA,0.559952202
11/24/2015,10.17063731,NA,0.691928297
11/25/2015,5.386976089,NA,1.072178035
11/26/2015,0.603314867,NA,0.634179334
11/27/2015,0.455946029,NA,0.32614054
11/28/2015,1.498461003,NA,0.40598539
11/29/2015,1.3819868,NA,0.48583024
11/30/2015,1.265512596,1.245097994,0.50226028
12/1/2015,0.532284199,NA,0.555873546
12/2/2015,0.983428653,NA,0.247920994
12/3/2015,1.059434184,0.940797357,0.413619171
12/4/2015,1.243573989,NA,0.579317347
12/5/2015,0.793637208,NA,0.423087803
12/6/2015,0.343700426,NA,0.266858259
12/7/2015,0.275626856,0.206038992,0.349268515
12/8/2015,0.566200401,NA,0.433484199
12/9/2015,0.856773946,0.272248733,0.517699882
12/10/2015,0.854205306,0.170613783,0.601915566
12/11/2015,10.14565712,NA,0.903087309
12/12/2015,5.604963128,NA,0.583812165
12/13/2015,1.064269135,0.70811583,0.264537021
12/14/2015,0.478048322,0.153762026,0.91404219
12/15/2015,2.413532956,NA,0.94809215
12/16/2015,4.349017589,1.759260771,0.98214211
12/17/2015,6.284502223,0.318311377,1.01619207
12/18/2015,8.219986856,1.389985991,0.544065447
12/19/2015,10.15547149,1.304797634,1.003370844
12/20/2015,0.436467216,NA,0.730549238
12/21/2015,1.195417009,NA,0.395577024
12/22/2015,1.954366802,NA,0.111063147
12/23/2015,1.055803458,0.243476155,0.381427951
12/24/2015,1.629339245,NA,0.678859084
12/25/2015,1.397168606,NA,0.578217943
12/26/2015,0.412846633,0.189856393,0.477576802
12/27/2015,1.104039342,NA,0.37693566
12/28/2015,1.79523205,1.829506107,0.276294519
12/29/2015,1.556722671,0.981226912,0.650222495
12/30/2015,1.318213291,NA,0.862042655
12/31/2015,0.604703901,0.66913065,0.607265222
1/1/2016,0.447619207,0.286044754,0.352487788
1/2/2016,0.349858829,NA,0.332920412
1/3/2016,0.252098451,0.305262433,0.313353035
1/4/2016,0.387829008,0.203597658,0.347997797
1/5/2016,0.350202876,NA,0.382642558
1/6/2016,0.38996506,NA,0.537915176
1/7/2016,1.670670793,NA,0.693187794
1/8/2016,1.437780324,NA,0.710400203
1/9/2016,1.204889854,1.302489408,0.727612611
1/10/2016,0.227842687,NA,0.74482502
1/11/2016,0.216914256,0.317276169,0.421491397
1/12/2016,0.839731833,0.458039876,0.196871946
1/13/2016,1.46254941,1.406867311,0.634857465
1/14/2016,0.775381208,NA,1.072842984
1/15/2016,0.586874776,NA,0.395436166
1/16/2016,0.501956227,NA,0.199411002
1/17/2016,0.417037677,NA,0.439732123
1/18/2016,0.726747855,NA,0.334088791
1/19/2016,1.34743758,NA,0.393890994
1/20/2016,1.594598617,NA,0.453693196
1/21/2016,1.379564265,NA,0.434548743
1/22/2016,1.328177255,NA,0.41540429
1/23/2016,1.785678622,0.811014358,0.396259837
1/24/2016,0.444425965,NA,0.627512911
1/25/2016,0.274240503,0.503023855,0.625168954
1/26/2016,1.472520003,NA,0.277885938
1/27/2016,1.201325454,0.906555227,0.387271993
1/28/2016,10.17438944,NA,0.63341633
1/29/2016,1.383196155,NA,0.869160664
1/30/2016,1.656827265,0.702378427,0.330546752
1/31/2016,1.285352436,NA,0.437856945
2/1/2016,0.646325492,NA,0.545167138
2/2/2016,0.743327862,NA,0.184493059
2/3/2016,0.840330232,NA,0.320305341
2/4/2016,0.400580582,NA,0.571112498
2/5/2016,0.486178377,NA,0.489186982
2/6/2016,0.571776171,0.578305179,0.407261465
2/7/2016,0.657373966,0.794085637,0.325335949
2/8/2016,0.74297176,0.35484061,0.243410432
2/9/2016,0.828569555,NA,0.320936247
2/10/2016,0.914167349,NA,0.262623658
2/11/2016,0.570179397,NA,0.256947984
2/12/2016,0.600757555,NA,0.251272311
2/13/2016,0.631335714,NA,0.245596637
2/14/2016,0.661913872,NA,0.239920963
2/15/2016,0.705780821,0.490398167,0.23424529
2/16/2016,0.74964777,NA,0.228569616
2/17/2016,1.299385593,0.691802168,0.354356638
2/18/2016,0.901555593,NA,0.398105381
2/19/2016,0.503725593,0.369853004,0.441854123
2/20/2016,1.258651297,0.849694207,0.485602866
2/21/2016,1.325313877,NA,0.94332123
2/22/2016,1.391976458,0.607965951,0.390035269
2/23/2016,1.458639038,NA,0.303353584
2/24/2016,1.525301618,0.300549855,0.931873266
2/25/2016,1.3067831,NA,0.696634874
2/26/2016,1.088264582,NA,0.507652295
2/27/2016,0.869746063,NA,0.263845228
2/28/2016,0.651227545,NA,0.459171165
2/29/2016,5.402154123,NA,0.679567139
3/1/2016,10.1530807,NA,0.324458105
3/2/2016,0.905327179,NA,0.397527365
3/3/2016,1.057678557,NA,0.470596625
3/4/2016,0.86239329,NA,0.543665885
3/5/2016,0.584178871,NA,0.42165959
3/6/2016,0.472088448,NA,0.440224873
3/7/2016,1.280476261,1.689077182,0.469879596
3/8/2016,0.525704923,NA,0.573286004
3/9/2016,0.53276038,NA,0.563090763
3/10/2016,0.539815836,NA,0.319010073
3/11/2016,1.889903915,0.673148614,1.866380612
3/12/2016,1.099369368,NA,0.591369071
3/13/2016,0.473811172,10.19402806,0.643760507
3/14/2016,0.398196939,0.823102032,1.083687878
3/15/2016,1.012859758,NA,1.061423686
3/16/2016,1.023490073,NA,10.14397323
3/17/2016,0.978339969,1.092941458,0.71520581
3/18/2016,0.869534281,NA,1.382374267
3/19/2016,1.230181897,1.364691686,1.60504713
3/20/2016,10.18613799,10.16987762,1.32463992
3/21/2016,0.758740032,1.95410056,1.545079189
3/22/2016,0.988316196,NA,1.050957275
3/23/2016,1.042145607,NA,0.824841929
3/24/2016,1.095975018,10.16239228,0.936594178
3/25/2016,0.857727767,NA,1.433035385
3/26/2016,0.791376502,NA,1.424748833
3/27/2016,0.725025237,1.834270598,1.05528694
3/28/2016,1.066176365,1.896025808,1.041817315
3/29/2016,0.357700728,NA,0.805042909
3/30/2016,5.274942169,1.231322448,0.766488644
3/31/2016,10.19218361,10.16060748,1.258965125
4/1/2016,5.565171903,1.648755912,0.884069077
4/2/2016,0.938160196,1.280975275,1.687726165
4/3/2016,0.956111249,1.835512934,1.274946328
4/4/2016,0.974062301,2.290500086,1.571390456
4/5/2016,0.490715784,1.966658796,0.985455286
4/6/2016,0.974843741,2.040200816,0.880644981
4/7/2016,1.458971697,1.973027845,0.962734945
4/8/2016,3.626197003,NA,0.657848979
4/9/2016,5.793422309,1.50479347,0.352963013
4/10/2016,7.960647614,20.13126315,0.901073439
4/11/2016,10.12787292,2.386047935,1.449183865
4/12/2016,7.275225098,1.704061074,1.06604478
4/13/2016,4.422577275,NA,1.800702218
4/14/2016,1.569929453,0.617014108,1.546477365
4/15/2016,1.25706539,1.397964006,0.600052776
4/16/2016,0.944201327,1.406760892,0.494791092
4/17/2016,0.631337264,1.95887129,0.796528664
4/18/2016,0.958693311,2.200352523,1.267109941
4/19/2016,1.286049359,1.860820281,0.716484822
4/20/2016,1.613405406,2.226960179,1.026494668
4/21/2016,1.940761454,NA,10.1064397
4/22/2016,2.268117501,2.827623518,6.178421975
4/23/2016,2.075431045,NA,2.25040425
4/24/2016,1.88274459,2.94244258,10.18955138
4/25/2016,1.690058134,2.393464601,0.897635224
4/26/2016,1.497371679,NA,0.857578089
4/27/2016,1.304685223,3.092191126,0.791551552
4/28/2016,1.378996381,NA,0.790544917
4/29/2016,1.453307538,1.653122383,0.789538282
4/30/2016,1.527618696,1.920669303,0.788531647
5/1/2016,1.40413518,1.669417274,1.115972283
5/2/2016,1.280651663,3.203448855,1.443412918
5/3/2016,1.157168147,1.537034471,1.49334931
5/4/2016,1.03368463,1.296861493,1.215133393
5/5/2016,1.880643294,0.523648997,0.936917476
5/6/2016,1.307477845,0.889204576,1.162934672
5/7/2016,0.734312396,0.758039944,1.388951867
5/8/2016,0.696950383,1.201394049,0.783308827
5/9/2016,0.65958837,2.634393113,1.33642221
5/10/2016,0.741167038,NA,0.608115947
5/11/2016,2.229465441,3.710723379,0.712609256
5/12/2016,1.656671998,1.465996495,0.817102564
5/13/2016,2.386187782,NA,1.529476099
5/14/2016,2.589974016,10.16874094,1.494684945
5/15/2016,0.673125056,20.16824607,0.749707908
5/16/2016,1.126745791,2.578765972,1.46457138
5/17/2016,1.580366525,NA,1.439998074
5/18/2016,2.311069623,NA,1.415424767
5/19/2016,2.267960129,2.283570864,1.390851461
5/20/2016,1.798225509,3.049972506,1.366278154
5/21/2016,0.976317434,2.56281234,2.525406603
5/22/2016,5.582050642,2.35425048,1.469257805
5/23/2016,10.18778385,2.026137425,2.364367682
5/24/2016,1.027785152,NA,0.69369267
5/25/2016,2.05168009,NA,0.790645574
5/26/2016,20.1165434,1.965736044,1.089100476
5/27/2016,1.706626469,1.511986905,1.387555377
5/28/2016,1.454029977,3.227276491,1.765066319
5/29/2016,2.690307756,3.536279991,2.217269214
5/30/2016,2.213407965,2.374642281,1.998880101
5/31/2016,1.736508174,4.610328115,1.496310406
6/1/2016,1.535901222,3.925436784,1.590643145
6/2/2016,20.1575757,4.753082143,4.45042239
6/3/2016,3.801829381,2.355325288,7.310201635
6/4/2016,4.326717363,NA,10.16998088
6/5/2016,4.529120268,0.629567263,0.979178871
6/6/2016,3.916293931,0.650394761,0.805723598
6/7/2016,4.376415877,1.669092696,1.323185569
6/8/2016,5.439111646,1.289848833,1.041124437
6/9/2016,3.702907031,0.494050581,0.491673444
6/10/2016,4.522493993,NA,0.523766906
6/11/2016,4.741901601,NA,0.555860368
6/12/2016,40.18631014,NA,0.833051859
6/13/2016,3.808278005,0.893739278,0.941067844
6/14/2016,50.10622848,1.70816211,1.504783013
6/15/2016,4.546672346,2.032579286,1.232612554
6/16/2016,5.432264558,10.18527617,2.00436422
6/17/2016,4.834729911,NA,1.217251816
6/18/2016,6.222235796,NA,0.712325492
6/19/2016,5.009570386,NA,0.207399168
6/20/2016,4.425627309,0.656514139,10.15188441
6/21/2016,5.920573261,2.630718611,1.232655919
6/22/2016,4.78735387,0.513823997,1.319195162
6/23/2016,3.7088399,1.993889293,1.247017207
6/24/2016,50.16698683,0.971323959,0.920765574
6/25/2016,5.645280971,20.14060588,10.11570653
6/26/2016,4.577859191,2.522051785,1.2757324
6/27/2016,4.8838477,2.361303175,1.601407309
6/28/2016,50.17738941,1.403970456,1.131753002
6/29/2016,5.54482786,1.207359767,0.662098694
6/30/2016,50.11544558,0.5060916,1.296850224
7/1/2016,26.46120828,NA,0.911333648
7/2/2016,2.806970987,2.727956803,0.833226285
7/3/2016,4.300708148,NA,0.755118922
7/4/2016,3.093666759,NA,0.677011559
7/5/2016,3.742581703,NA,0.746211679
7/6/2016,5.061209561,NA,0.815411798
7/7/2016,6.974395564,NA,0.941244622
7/8/2016,6.850057424,NA,1.067077445
7/9/2016,6.725719283,NA,1.192910269
7/10/2016,6.529786125,NA,1.318743093
7/11/2016,5.934606175,NA,1.444575916
7/12/2016,6.576217099,NA,1.57040874
7/13/2016,7.211589357,NA,1.696241564
7/14/2016,6.734615461,NA,1.822074387
7/15/2016,60.15818712,NA,1.947907211
7/16/2016,60.19509312,NA,2.073740035
7/17/2016,5.566764828,NA,2.199572858
7/18/2016,5.492099567,NA,2.325405682
7/19/2016,40.12837082,NA,2.334854496
7/20/2016,3.674408597,NA,2.34430331
7/21/2016,4.771731537,1.312644762,2.353752124
7/22/2016,4.04200301,NA,1.560373864
7/23/2016,70.18433427,NA,0.766995603
7/24/2016,3.889318986,NA,0.747228546
7/25/2016,2.432881807,NA,0.727461489
7/26/2016,5.349989175,NA,1.161133093
7/27/2016,6.000745813,NA,1.594804697
7/28/2016,5.670512141,NA,5.877168209
7/29/2016,7.486779239,NA,10.15953172
7/30/2016,5.212899131,NA,5.959864115
7/31/2016,4.920369704,NA,1.760196509
8/1/2016,4.429911942,NA,1.727291989
8/2/2016,5.345848677,14.41345739,30.92290678
8/3/2016,50.1494844,NA,60.11852158
8/4/2016,6.499658291,NA,45.42950574
8/5/2016,9.026939064,NA,30.74048991
8/6/2016,70.18269615,3.589588313,16.05147407
8/7/2016,4.943564831,4.560431797,1.362458237
8/8/2016,4.971616372,NA,3.728655998
8/9/2016,5.622478601,NA,20.11570639
8/10/2016,5.211009414,0.90699898,10.70058469
8/11/2016,5.085549079,NA,1.285462996
8/12/2016,3.959933392,NA,0.867962177
8/13/2016,50.15632625,NA,0.450461357
8/14/2016,5.641206757,NA,0.295199012
8/15/2016,3.993221582,NA,0.357624966
8/16/2016,30.17504934,NA,0.28833434
8/17/2016,2.874728382,NA,0.219043715
8/18/2016,3.441010491,NA,0.149753089
8/19/2016,1.507492563,NA,0.786913124
8/20/2016,6.64158777,NA,0.233545577
8/21/2016,5.918388835,NA,0.90928667
8/22/2016,3.037666935,NA,0.268509404
8/23/2016,3.728307028,NA,0.591815436
8/24/2016,4.418947121,NA,0.915121468
8/25/2016,5.371051634,NA,0.630124555
8/26/2016,50.19325353,NA,0.345127641
8/27/2016,4.927212852,NA,0.398165934
8/28/2016,3.761008127,NA,0.451204226
8/29/2016,4.065857281,NA,0.504242519
8/30/2016,5.273349134,NA,0.43560141
8/31/2016,6.319421077,NA,0.366960301
9/1/2016,3.892597242,NA,0.298319192
9/2/2016,2.714821759,NA,0.229678083
9/3/2016,1.537046276,NA,1.726404233
9/4/2016,1.158435571,NA,3.223130382
9/5/2016,0.779824866,NA,1.532562472
9/6/2016,0.511463384,NA,1.154068353
9/7/2016,0.243101901,NA,0.775574235
9/8/2016,1.30963592,NA,0.397080116
9/9/2016,1.868722588,NA,0.954674482
9/10/2016,1.303031712,NA,10.11213237
9/11/2016,1.971381718,NA,1.058148604
9/12/2016,1.593571188,NA,1.541858495
9/13/2016,1.215760658,NA,0.911357081
9/14/2016,1.525894341,NA,1.409231413
9/15/2016,1.64162255,NA,1.244352952
9/16/2016,1.306033164,NA,1.586672745
9/17/2016,3.870175837,NA,1.586673513
9/18/2016,1.594874126,NA,1.778423609
9/19/2016,3.08455304,NA,1.54182574
9/20/2016,10.19914512,NA,0.826116104
9/21/2016,2.46071929,NA,1.152116147
9/22/2016,3.403487084,NA,1.478116189
9/23/2016,2.594406768,NA,1.754990673
9/24/2016,1.464554894,NA,1.268968697
9/25/2016,0.33470302,5.968408377,0.833448108
9/26/2016,0.31063547,0.49702842,5.036672695
9/27/2016,0.410271596,0.373192121,2.770716562
9/28/2016,0.71642732,0.608480514,0.504760429
9/29/2016,1.076948835,0.335291028,0.663303111
9/30/2016,0.721908842,1.910984011,0.75374158
10/1/2016,1.226280497,1.248421889,1.287829415
10/2/2016,0.819590967,2.331196031,0.970323842
10/3/2016,5.473610239,0.946425689,0.652818268
10/4/2016,10.12762951,NA,0.584813804
10/5/2016,1.699558871,1.466367673,0.51097864
10/6/2016,1.099183802,NA,0.437143476
10/7/2016,1.808196012,1.02279201,0.363308312
10/8/2016,0.34780806,NA,0.883234452
10/9/2016,1.036176383,10.12789138,0.438923462
10/10/2016,1.50170762,0.177267218,0.444547132
10/11/2016,1.454780586,NA,0.396934124
10/12/2016,0.792519502,NA,10.19207309
10/13/2016,0.898173734,NA,1.008195204
10/14/2016,0.798670583,NA,10.11558377
10/15/2016,0.382414792,NA,0.203486068
10/16/2016,1.013672164,NA,0.478565425
10/17/2016,1.237995805,NA,0.49240616
10/18/2016,1.762345464,NA,0.809890123
10/19/2016,1.898826172,NA,1.216867852
10/20/2016,0.947887687,NA,10.11280635
10/21/2016,1.351533174,0.284403593,1.077188168
10/22/2016,0.976729638,0.309652904,1.026905345
10/23/2016,1.260101441,0.488641269,0.876366389
10/24/2016,1.454112905,NA,0.668015832
10/25/2016,20.19255443,NA,1.239833655
10/26/2016,20.14218132,0.286582754,2.402331499
10/27/2016,0.690022642,NA,1.582640098
10/28/2016,0.212371495,NA,0.762948696
10/29/2016,0.271579667,NA,0.534300988
10/30/2016,0.927969531,0.370937717,0.46243859
10/31/2016,0.914058056,NA,0.403434264
11/1/2016,1.887519865,NA,0.344429937
11/2/2016,0.587091266,NA,0.48663759
11/3/2016,1.217818969,0.419034672,0.520579659
11/4/2016,1.244891335,0.535398764,0.847124001
11/5/2016,2.213390278,0.727373808,0.953572672
11/6/2016,1.64225492,0.663309133,1.237622401
11/7/2016,1.071119562,0.934957345,10.1526517
11/8/2016,0.806902369,NA,11.86319252
11/9/2016,0.542685175,4.767344909,6.826778212
11/10/2016,0.278467982,NA,1.790363903
11/11/2016,1.99309557,NA,1.24264408
11/12/2016,3.707723157,2.538954887,0.694924256
11/13/2016,1.390760295,1.688824827,0.581957932
11/14/2016,1.06083556,0.314118891,0.162699165
11/15/2016,0.730910825,NA,0.430584222
11/16/2016,1.987453026,NA,0.698469279
11/17/2016,1.485869787,NA,0.360648526
11/18/2016,1.764506333,NA,0.125961111
11/19/2016,0.956554444,NA,0.181258067
11/20/2016,1.336994606,NA,0.236555022
11/21/2016,0.507837943,NA,0.291851978
11/22/2016,1.100380793,NA,0.347148933
11/23/2016,1.692923642,NA,0.402445889
11/24/2016,1.223040723,NA,0.117695522
11/25/2016,0.601525345,NA,0.138164687
11/26/2016,1.579322751,NA,0.158633851
11/27/2016,0.521585216,NA,0.149223041
11/28/2016,10.17892267,NA,0.265242959
11/29/2016,0.267017011,NA,0.249102971
11/30/2016,0.862688756,NA,0.232962982
12/1/2016,1.463423575,NA,0.121865869
12/2/2016,1.107024427,NA,0.393544566
12/3/2016,0.750625278,NA,0.443331718
12/4/2016,0.39422613,NA,0.49311887
12/5/2016,0.577466262,NA,0.371821217
12/6/2016,0.760706393,NA,0.250523564
12/7/2016,0.920179407,NA,0.271301978
12/8/2016,1.07965242,NA,0.292080391
12/9/2016,1.349450776,NA,0.428611517
12/10/2016,0.505490867,NA,0.565142642
12/11/2016,0.544947166,NA,0.666408514
12/12/2016,0.333783912,NA,0.357130619
12/13/2016,10.12297985,NA,0.39751761
12/14/2016,0.866226544,NA,0.378181554
12/15/2016,1.296467751,NA,0.284916963
12/16/2016,40.11442666,NA,1.045611417
12/17/2016,0.329228164,NA,0.670286098
12/18/2016,1.190274041,NA,0.294960778
12/19/2016,2.051319917,NA,0.488244677
12/20/2016,0.801154991,NA,0.569309438
12/21/2016,1.065030619,NA,0.650374199
12/22/2016,1.328906247,NA,0.631583126
12/23/2016,0.745780596,NA,0.383819272
12/24/2016,10.17108568,NA,0.578812191
12/25/2016,1.072902666,NA,0.3842225
12/26/2016,1.512415518,NA,0.189632808
12/27/2016,1.951928369,NA,0.65441018
12/28/2016,10.1804357,NA,0.621637477
12/29/2016,0.805374715,1.660257807,10.19730272
12/30/2016,1.738583706,NA,1.538887626
12/31/2016,1.091652371,NA,0.675635412
1/1/2017,1.321774887,NA,0.792560082
1/2/2017,1.301010874,NA,0.272538546
1/3/2017,1.280246862,NA,0.32862908
1/4/2017,1.259482849,NA,0.384719614
1/5/2017,1.238718836,NA,0.440810147
1/6/2017,1.217954823,NA,0.496900681
1/7/2017,1.197190811,NA,0.448976469
1/8/2017,1.176426798,NA,0.401052256
1/9/2017,1.155662785,NA,0.474547992
1/10/2017,1.134898772,NA,0.548043727
1/11/2017,1.11413476,NA,0.621539463
1/12/2017,1.093370747,NA,0.695035198
1/13/2017,1.381584071,NA,0.533289337
1/14/2017,1.960333947,NA,0.371543476
1/15/2017,1.456614673,NA,0.287247324
1/16/2017,0.952895398,NA,0.291473536
1/17/2017,0.449176124,NA,0.236142272
1/18/2017,0.927600499,NA,0.485258762
1/19/2017,1.406024874,NA,0.584709238
1/20/2017,3.058220462,NA,1.228801316
1/21/2017,1.807372229,NA,0.795260997
1/22/2017,0.556523996,NA,0.509509638
1/23/2017,0.656347027,NA,0.223758279
1/24/2017,0.756170057,NA,0.238666113
1/25/2017,1.792999882,NA,0.253573947
1/26/2017,2.829829706,NA,0.898143245
1/27/2017,1.864601832,NA,0.70890018
1/28/2017,1.162564192,NA,10.12382659
1/29/2017,0.460526552,NA,0.523132767
1/30/2017,0.833160198,NA,0.302659134
1/31/2017,1.205793843,NA,0.447515242
2/1/2017,1.80244433,1.539986699,0.592371349
2/2/2017,1.346214396,NA,0.555617671
2/3/2017,0.889984462,NA,0.518863992
2/4/2017,0.739650707,NA,0.639426983
2/5/2017,0.862257427,NA,0.531550791
2/6/2017,0.673336577,NA,0.417202923
2/7/2017,0.484415727,NA,0.302855054
2/8/2017,1.007012743,0.626047415,0.519084061
2/9/2017,1.285101063,NA,0.735313067
2/10/2017,10.14229532,NA,0.469630689
2/11/2017,10.13733745,NA,0.400518659
2/12/2017,0.785907691,NA,0.331406629
2/13/2017,0.366657109,0.5950144,0.262294599
2/14/2017,10.14960367,0.542755898,0.193182569
2/15/2017,1.790707605,10.12005464,0.61628802
2/16/2017,2.323380422,1.650955051,0.854321957
2/17/2017,2.211208567,1.555421265,1.828555126
2/18/2017,1.5610784,NA,0.680364394
2/19/2017,0.305932526,NA,0.609473751
2/20/2017,0.298773449,0.507721165,0.649510273
2/21/2017,1.152874158,0.460032559,0.689546796
2/22/2017,2.006974866,NA,0.729583318
2/23/2017,0.667942655,NA,0.458038567
2/24/2017,1.514605645,0.724576304,0.188195415
2/25/2017,2.361268635,20.12368361,10.15759629
2/26/2017,0.865960522,NA,0.909476153
2/27/2017,1.681387807,NA,0.663315393
2/28/2017,1.44634877,NA,0.264213822
3/1/2017,1.211309732,1.620102784,0.329173088
3/2/2017,0.658931183,0.990901139,0.504186229
3/3/2017,0.613038932,1.220465741,0.67919937
3/4/2017,0.567146682,1.27280821,0.854212511
3/5/2017,0.521254431,0.994987794,1.029225652
3/6/2017,0.915732183,0.837641262,0.670212274
3/7/2017,1.310209935,0.846162238,0.846874105
3/8/2017,1.067163126,1.290915269,0.76760131
3/9/2017,0.335466429,NA,0.70090296
3/10/2017,10.18755247,0.503824791,0.63420461
3/11/2017,10.15900679,NA,0.612247286
3/12/2017,0.61330995,NA,0.590289962
3/13/2017,1.157253651,0.760041747,0.438568695
3/14/2017,1.701197351,NA,0.336900408
3/15/2017,1.527552787,NA,0.463455556
3/16/2017,1.353908222,0.706028608,0.568344952
3/17/2017,1.036408005,0.295482599,0.673234348
3/18/2017,0.755570386,0.535548037,0.530411535
3/19/2017,0.474732767,0.422554479,0.69927429
3/20/2017,0.493672561,0.567770754,0.478549636
3/21/2017,0.512612354,NA,0.448097356
3/22/2017,0.531552148,NA,0.417645076
3/23/2017,0.477087347,NA,0.616305082
3/24/2017,0.422622546,1.275043855,0.68422434
3/25/2017,1.745599313,0.934796661,1.362488669
3/26/2017,1.45677322,0.488840048,10.1161997
3/27/2017,1.167947128,1.31361183,0.689233288
3/28/2017,0.879121035,NA,0.88001228
3/29/2017,0.590294942,1.005639748,1.325533879
3/30/2017,1.294875724,0.894734008,1.771055478
3/31/2017,1.021492567,0.300804888,0.90389373
4/1/2017,0.748109411,NA,0.674050332
4/2/2017,0.474726254,NA,1.310184296
4/3/2017,1.180141439,NA,1.225964394
4/4/2017,1.885556625,NA,1.141744493
4/5/2017,2.59097181,NA,1.057524591
4/6/2017,1.919516247,NA,0.973304689
4/7/2017,1.248060683,NA,1.241321312
4/8/2017,0.57660512,NA,1.509337934
4/9/2017,0.601561591,NA,1.229515737
4/10/2017,0.626518062,NA,0.949693541
4/11/2017,1.269454364,NA,0.669871344
4/12/2017,0.704297251,NA,0.951561734
4/13/2017,10.15323844,NA,1.45888061
4/14/2017,0.673126981,NA,10.19553545
4/15/2017,1.297202963,NA,1.953376384
4/16/2017,1.082823637,NA,1.490757655
4/17/2017,1.081178215,NA,1.510633492
4/18/2017,1.862977711,NA,1.530509329
4/19/2017,2.26093705,NA,2.369823834
4/20/2017,1.831777513,NA,2.30479174
4/21/2017,2.248207654,NA,2.644040201
4/22/2017,1.649249336,NA,2.532027712
4/23/2017,1.50273989,NA,2.976775015
4/24/2017,0.958398382,NA,2.731216509
4/25/2017,1.041589821,NA,2.566854951
4/26/2017,2.536368089,NA,2.288539608
4/27/2017,1.706216057,NA,30.1596982
4/28/2017,2.087490462,NA,2.380417895
4/29/2017,1.660867235,NA,2.627981014
4/30/2017,1.234244008,NA,3.059729783
5/1/2017,1.079714192,4.54758714,20.14471625
5/2/2017,1.903231293,4.397753355,1.372320628
5/3/2017,1.430229465,4.237037185,1.274533822
5/4/2017,1.522827445,3.841076658,1.33588326
5/5/2017,1.615425425,4.371548622,1.597201506
5/6/2017,2.237183891,4.56185658,1.934879386
5/7/2017,1.986463692,3.329867895,1.825876122
5/8/2017,1.735743493,4.643343176,1.716872858
5/9/2017,1.508806481,NA,1.327082192
5/10/2017,1.538252616,NA,0.937291525
5/11/2017,1.567698751,4.387675342,1.033513735
5/12/2017,2.060908189,5.57211138,1.659221459
5/13/2017,1.707989284,4.875716807,1.530735874
5/14/2017,1.355070378,4.981770788,1.625420846
5/15/2017,1.002151473,4.062038076,10.10328898
5/16/2017,1.330824902,4.640813905,1.475749637
5/17/2017,0.782195262,2.495880747,1.44546316
5/18/2017,1.161350665,3.497095149,0.424829814
5/19/2017,1.540506068,4.683938416,0.541292054
5/20/2017,1.653431929,5.361129804,1.917222268
5/21/2017,1.688163803,3.577787642,1.499656396
5/22/2017,1.555342164,5.232163321,0.492163906
5/23/2017,2.214033427,4.480123218,10.13335669
5/24/2017,2.082165466,4.802250065,1.320891316
5/25/2017,1.950297504,NA,1.540075691
5/26/2017,2.269118731,40.1029329,1.759260065
5/27/2017,2.5680889,4.031708166,1.530322698
5/28/2017,2.867059069,3.682711662,1.65495598
5/29/2017,2.230038981,4.060736012,1.644185615
5/30/2017,2.941155489,2.993575497,1.63341525
5/31/2017,1.838337737,1.442092957,1.622644885
6/1/2017,1.32532422,NA,1.61187452
6/2/2017,0.812310702,5.419821263,1.601104155
6/3/2017,4.471666069,NA,1.59033379
6/4/2017,4.211736168,NA,1.579563425
6/5/2017,30.18676213,1.265117506,1.56879306
6/6/2017,2.662488292,3.381539878,1.558022695
6/7/2017,3.437227805,3.091190175,1.54725233
6/8/2017,3.464843728,1.806445809,1.536481965
6/9/2017,2.684656971,1.744884089,1.5257116
6/10/2017,2.231083579,1.933261406,1.514941235
6/11/2017,2.39191518,1.852975262,1.50417087
6/12/2017,2.55274678,2.241859434,1.493400505
6/13/2017,2.914840484,3.859607045,1.48263014
6/14/2017,4.777926001,3.287984023,1.471859775
6/15/2017,4.263249568,1.764644804,1.46108941
6/16/2017,4.381140771,1.58550715,1.450319045
6/17/2017,4.649751722,3.044945166,1.43954868
6/18/2017,4.337558517,2.260424445,1.428778315
6/19/2017,3.899261671,2.805308192,1.41800795
6/20/2017,3.460964824,4.854786933,1.407237585
6/21/2017,2.897931463,5.083002715,1.39646722
6/22/2017,4.295582059,2.060127466,1.385696855
6/23/2017,40.17829119,1.942553417,1.37492649
6/24/2017,4.57364264,2.530935699,1.364156125
6/25/2017,40.14194622,1.990856424,1.35338576
6/26/2017,30.14381201,4.275132366,1.342615395
6/27/2017,2.825230127,5.015108789,1.33184503
6/28/2017,3.745579838,4.578132109,1.321074665
6/29/2017,3.516676454,3.486801151,1.3103043
6/30/2017,4.596534458,3.969921697,1.299533935
7/1/2017,5.767431251,3.4169314,1.28876357
7/2/2017,5.078567282,2.321085755,1.277993205
7/3/2017,4.290587513,2.322770364,1.26722284
7/4/2017,5.315153795,4.268538723,1.256452475
7/5/2017,5.380760984,0.88161122,1.24568211
7/6/2017,5.564172991,1.92382452,1.234911745
7/7/2017,5.747584997,NA,1.22414138
7/8/2017,5.894471767,NA,1.213371015
7/9/2017,5.413582957,NA,1.20260065
7/10/2017,40.12082005,0.865677362,1.191830285
7/11/2017,4.990098843,1.646582399,1.18105992
7/12/2017,5.315759977,2.951737321,1.170289555
7/13/2017,5.485858643,NA,1.15951919
7/14/2017,5.579656943,NA,1.148748825
7/15/2017,6.040074583,NA,1.13797846
7/16/2017,6.946519756,NA,1.127208095
7/17/2017,3.901378716,1.644410347,1.11643773
7/18/2017,4.75964518,NA,1.105667365
7/19/2017,9.08924814,NA,1.094897
7/20/2017,7.306156921,NA,1.084126635
7/21/2017,30.11945549,NA,1.07335627
7/22/2017,6.301279853,NA,1.062585905
7/23/2017,3.715064443,0.350226814,1.05181554
7/24/2017,3.465432669,NA,1.041045175
7/25/2017,3.882039282,NA,1.341845365
7/26/2017,4.413395192,NA,1.642645555
7/27/2017,5.704047291,NA,1.476482655
7/28/2017,5.474879762,NA,1.310319754
7/29/2017,6.014273233,NA,0.743306177
7/30/2017,40.17169589,NA,0.72197467
7/31/2017,4.279735411,NA,0.700643163
8/1/2017,60.13082768,NA,0.679311655
8/2/2017,6.08845175,NA,0.657980148
8/3/2017,7.556671481,NA,0.636648641
8/4/2017,6.356306353,NA,0.615317134
8/5/2017,50.10790207,NA,0.593985626
8/6/2017,3.585702839,NA,0.572654119
8/7/2017,3.275228413,NA,0.551322612
8/8/2017,50.18384779,NA,1.824676069
8/9/2017,5.873775853,NA,3.098029527
8/10/2017,3.87421873,NA,4.371382984
8/11/2017,5.368391554,NA,5.644736441
8/12/2017,4.651102035,NA,6.918089898
8/13/2017,2.81830042,7.723560523,8.191443356
8/14/2017,7.251571928,1.326669286,9.464796813
8/15/2017,5.027821773,NA,0.807400691
8/16/2017,3.532039544,NA,0.992686174
8/17/2017,3.724531208,NA,1.793499346
8/18/2017,4.374486997,NA,0.319390859
8/19/2017,5.366790353,NA,0.473969312
8/20/2017,4.831149205,NA,0.628547765
8/21/2017,3.370330316,NA,0.586242317
8/22/2017,3.950918371,NA,0.543936869
8/23/2017,4.531506425,NA,0.50163142
8/24/2017,5.96262501,NA,0.459325972
8/25/2017,3.79479723,NA,0.417020524
8/26/2017,5.80710344,NA,1.004912224
8/27/2017,4.674740874,NA,0.467784683
8/28/2017,4.274029172,NA,0.754845565
8/29/2017,4.030346914,NA,0.587541128
8/30/2017,3.786664656,NA,0.42023669
8/31/2017,3.542982398,NA,0.252932253
9/1/2017,3.29930014,NA,0.634729833
9/2/2017,3.055617882,1.062995347,1.016527413
9/3/2017,2.811935625,NA,5.570610362
9/4/2017,2.568253367,NA,10.12469331
9/5/2017,2.324571109,NA,1.408734966
9/6/2017,2.080888851,NA,1.583414182
9/7/2017,1.837206593,NA,0.830478808
9/8/2017,1.593524335,NA,1.220561391
9/9/2017,1.349842077,NA,1.610643974
9/10/2017,2.263142584,NA,2.000726557
9/11/2017,20.11747633,NA,1.517405765
9/12/2017,2.83167406,NA,1.405364616
9/13/2017,1.898248224,NA,0.929696871
9/14/2017,0.964822387,NA,1.052189754
9/15/2017,0.335147805,NA,1.535369682
9/16/2017,2.998300527,NA,1.902651114
9/17/2017,4.42628474,NA,1.948553439
9/18/2017,5.854268952,NA,0.637707308
9/19/2017,7.282253165,NA,2.831355678
9/20/2017,8.710237377,NA,1.249877949
9/21/2017,10.13822159,NA,0.842767058
9/22/2017,0.776035646,NA,0.435656166
9/23/2017,0.888242898,NA,0.552918678
9/24/2017,1.000450149,NA,0.670181189
9/25/2017,20.13509101,NA,1.259789513
9/26/2017,0.549825559,NA,0.731495867
9/27/2017,1.655342286,NA,0.786600627
9/28/2017,0.998958827,NA,0.841705386
9/29/2017,2.095737236,NA,1.328342758
9/30/2017,1.355708264,NA,1.622833471
10/1/2017,0.615679292,NA,1.917324184
10/2/2017,0.862958126,NA,0.739728569
10/3/2017,2.514636983,NA,0.434934967
10/4/2017,1.277823195,NA,0.636995668
10/5/2017,0.677008572,NA,10.13491546
10/6/2017,0.723523969,NA,10.12472628
10/7/2017,10.18412359,NA,1.386186613
10/8/2017,0.91757092,NA,0.647235963
10/9/2017,10.18333267,NA,1.009674289
10/10/2017,1.3000406,NA,0.39434363
10/11/2017,1.412999692,NA,0.443009225
10/12/2017,1.044085937,NA,0.470127652
10/13/2017,0.675172181,NA,0.323216078
10/14/2017,0.85851532,NA,0.176304503
10/15/2017,1.041858458,NA,0.359955954
10/16/2017,1.317423495,NA,0.592449489
10/17/2017,1.37844959,NA,0.712401096
10/18/2017,1.575313674,NA,0.834444774
10/19/2017,1.587071068,NA,1.051685355
10/20/2017,1.283674258,NA,0.866605623
10/21/2017,1.643732103,NA,1.468289434
10/22/2017,10.17221708,NA,1.894545776
10/23/2017,2.08764683,NA,1.732523119
10/24/2017,1.810167441,NA,1.997467954
10/25/2017,0.975130503,NA,1.916477042
10/26/2017,1.994179297,NA,1.423718033
10/27/2017,2.006190439,NA,1.329078545
10/28/2017,1.447172586,NA,0.3783824
10/29/2017,1.498716322,NA,1.221285483
10/30/2017,2.050325386,NA,0.704992294
10/31/2017,1.325230851,NA,10.1793948
11/1/2017,1.233325182,NA,1.413060666
11/2/2017,10.17891071,NA,1.002074256
11/3/2017,5.793528636,NA,0.591087845
11/4/2017,1.408146562,NA,0.21977022
11/5/2017,1.4440966,NA,0.374098098
11/6/2017,1.272693067,NA,0.491550096
11/7/2017,2.443359209,NA,0.769067607
11/8/2017,1.285291676,NA,0.773994815
11/9/2017,0.990540253,NA,0.234677743
11/10/2017,1.722594739,NA,0.843763356
11/11/2017,0.713398064,NA,0.831438299
11/12/2017,2.332956046,NA,0.730661724
11/13/2017,1.743547474,NA,10.17255272
11/14/2017,1.547518925,NA,1.299897714
11/15/2017,1.886049642,NA,1.000891051
11/16/2017,1.395257036,NA,0.656849027
11/17/2017,1.057363151,NA,0.213919046
11/18/2017,1.655261888,NA,0.979258893
11/19/2017,0.564580381,NA,0.947784133
11/20/2017,0.702507072,NA,0.776211527
11/21/2017,0.840433762,NA,1.066814962
11/22/2017,0.678532189,NA,1.073156448
11/23/2017,0.516630616,NA,10.15222225
11/24/2017,0.52395746,NA,0.323546463
11/25/2017,0.645636215,NA,0.912802627
11/26/2017,0.927939534,NA,10.11636399
11/27/2017,0.90472222,NA,1.216894329
11/28/2017,0.613232629,NA,1.448286104
11/29/2017,1.423670661,NA,0.827326824
11/30/2017,1.917206038,NA,0.870280458
12/1/2017,1.063543167,NA,0.624528557
12/2/2017,0.209880295,NA,0.855043651
12/3/2017,0.717036196,NA,0.397830496
12/4/2017,10.14958604,NA,1.007100258
12/5/2017,8.562739758,NA,0.427723345
12/6/2017,6.975893476,NA,0.438223996
12/7/2017,5.389047194,NA,0.510607989
12/8/2017,3.802200911,NA,0.946150186
12/9/2017,2.215354629,NA,0.900218454
12/10/2017,0.628508347,NA,10.13187617
12/11/2017,0.78705249,NA,0.61715247
12/12/2017,0.945596632,NA,0.528786755
12/13/2017,0.309120164,NA,0.241453093
12/14/2017,0.444864627,NA,0.260871225
12/15/2017,0.580609089,NA,0.280289357
12/16/2017,0.612966909,NA,0.29970749
12/17/2017,0.645324729,NA,0.319125622
12/18/2017,0.67768255,NA,0.338543754
12/19/2017,0.71004037,NA,0.357961886
12/20/2017,0.74239819,NA,0.117510952
12/21/2017,0.685618416,NA,0.248862241
12/22/2017,0.628838642,NA,0.38021353
12/23/2017,0.572058867,NA,0.388728906
12/24/2017,0.515279093,NA,0.397244283
12/25/2017,1.015602451,NA,0.405759659
12/26/2017,1.020393135,NA,0.544685416
12/27/2017,1.025183819,NA,0.336002622
12/28/2017,0.880712304,NA,0.195581966
12/29/2017,0.463744235,NA,0.337735423
12/30/2017,1.408639883,NA,0.479888879
12/31/2017,1.542160997,NA,0.458938815
1/1/2018,0.77238089,NA,0.437988751
1/2/2018,1.590321512,NA,0.417038687
1/3/2018,1.459826876,NA,0.446756168
1/4/2018,10.10671441,NA,0.476473649
1/5/2018,1.26733516,NA,0.506191129
1/6/2018,2.578924652,NA,0.53590861
1/7/2018,1.372016305,NA,0.397847671
1/8/2018,1.205751215,NA,0.259786731
1/9/2018,2.770995437,NA,0.286522765
1/10/2018,10.14228139,NA,0.3132588
1/11/2018,1.754076271,NA,0.339994834
1/12/2018,0.72216778,NA,0.332405451
1/13/2018,1.742574538,NA,0.270666812
1/14/2018,1.536424023,NA,0.785198814
1/15/2018,1.330273508,NA,0.659837784
1/16/2018,2.631350742,NA,0.493743019
1/17/2018,20.10925573,NA,0.327648254
1/18/2018,2.015977675,NA,0.37819633
1/19/2018,1.996133969,NA,0.724707752
1/20/2018,1.437656414,NA,0.775390275
1/21/2018,0.575950843,NA,0.826072797
1/22/2018,0.963060366,NA,0.46943997
1/23/2018,2.271950465,NA,0.57869183
1/24/2018,1.830386567,NA,0.994324564
1/25/2018,1.850011647,NA,1.298350867
1/26/2018,10.10334707,NA,0.739972083
1/27/2018,20.15552853,NA,0.672485329
1/28/2018,0.696477386,NA,0.814484448
1/29/2018,1.0705422,NA,0.782794858
1/30/2018,2.233091458,NA,0.751105267
1/31/2018,1.568563642,NA,1.279841776
2/1/2018,1.752011818,NA,1.076330282
2/2/2018,0.739056302,NA,1.362669961
2/3/2018,10.18764136,NA,0.944663171
2/4/2018,10.15664943,NA,1.063983607
2/5/2018,1.367525622,NA,1.413076673
2/6/2018,0.99683341,NA,1.354214214
2/7/2018,1.696462099,NA,1.602029138
2/8/2018,1.848164473,NA,1.512682983
2/9/2018,1.928087961,NA,1.738427525
2/10/2018,2.635659089,NA,1.461746348
2/11/2018,3.343230216,NA,1.528989061
2/12/2018,2.353807365,NA,1.062492708
2/13/2018,2.299721994,NA,1.536669925
2/14/2018,2.812973217,NA,0.994369647
2/15/2018,20.13184174,NA,1.280365853
2/16/2018,3.076053159,NA,1.518215231
2/17/2018,2.758968702,NA,1.473272112
2/18/2018,2.634557029,NA,2.276979214
2/19/2018,2.003404549,NA,1.344854088
2/20/2018,16.07275657,NA,1.832769541
2/21/2018,30.14210859,NA,1.413016732
2/22/2018,4.079583456,NA,1.697308211
2/23/2018,1.945821994,NA,1.600740587
2/24/2018,3.419759613,NA,2.061045406
2/25/2018,2.799133854,NA,1.875415696
2/26/2018,3.459561015,NA,1.757383537
2/27/2018,3.499554122,NA,1.904599076
2/28/2018,30.16123101,1.943150425,2.080693468
3/1/2018,3.686687159,2.408149372,2.256787859
3/2/2018,4.008053562,1.909755806,2.860332255
3/3/2018,4.648553313,20.14313409,2.903136239
3/4/2018,2.59112907,1.945907456,2.281731471
3/5/2018,2.996581051,0.935364198,2.003700308
3/6/2018,2.660086729,2.781077484,20.16083819
3/7/2018,4.628495695,2.715072244,20.16520527
3/8/2018,5.021027832,NA,20.16957234
3/9/2018,30.11383734,0.510090949,1.725947287
3/10/2018,4.348727045,10.17452335,0.891455209
3/11/2018,3.469538118,1.429242012,1.620107091
3/12/2018,3.986883433,1.565250263,1.714853054
3/13/2018,4.532743544,2.284053094,2.204540233
3/14/2018,5.483765211,0.690378447,1.878822492
3/15/2018,3.601769706,1.317605009,0.685332245
3/16/2018,40.12955168,0.978486759,1.579539554
3/17/2018,6.454555279,0.338231219,10.12938003
3/18/2018,5.04314675,0.695449269,1.909168569
3/19/2018,4.25132199,0.45593526,2.2524326
3/20/2018,5.397725669,2.768037507,2.047074676
3/21/2018,4.900522661,30.16640377,1.818789303
3/22/2018,3.982469294,0.529355983,0.816520099
3/23/2018,5.036528018,1.654877856,2.059431274
3/24/2018,5.69180381,0.484324813,1.380310587
3/25/2018,5.933515597,2.043282618,1.358753289
3/26/2018,3.766481813,1.649727691,20.12623232
3/27/2018,1.599448029,20.18155537,2.000042869
3/28/2018,2.240292825,0.906298331,2.999329877
3/29/2018,4.900022763,0.584859268,1.204287916
3/30/2018,5.928386964,0.777503765,1.24184822
3/31/2018,6.284158505,3.293545422,1.379700026
4/1/2018,5.599418378,1.793832717,1.765893055
4/2/2018,3.689746769,1.836165257,2.358828969
4/3/2018,5.204667076,3.352689526,2.474835529
4/4/2018,5.070899871,30.13909187,2.305198676
4/5/2018,4.783083255,3.087238725,1.773840315
4/6/2018,5.813717353,4.078939958,2.586784871
4/7/2018,5.38040124,3.67456708,2.93412214
4/8/2018,5.780522251,NA,2.865896609
4/9/2018,2.919098334,30.18857073,2.036055084
4/10/2018,4.437426158,3.387978665,1.737627969
4/11/2018,3.721835222,3.408867509,1.914950167
4/12/2018,3.006244285,1.776344921,1.563214558
4/13/2018,2.826108438,0.896239537,1.211478949
4/14/2018,3.425190207,1.99335718,1.238176976
4/15/2018,2.462509567,1.731513089,1.684362584
4/16/2018,1.936539094,3.759569034,1.908013033
4/17/2018,2.284059438,3.935662007,1.878866575
4/18/2018,20.16750902,NA,1.64573405
4/19/2018,14.59597519,3.418418116,1.3151424
4/20/2018,9.024441356,1.589788726,0.98455075
4/21/2018,3.452907524,3.3031481,2.310821571
4/22/2018,2.465688411,3.395216076,1.881244874
4/23/2018,3.047553181,3.659449802,2.96526846
4/24/2018,3.015763225,3.824990828,2.745546437
4/25/2018,50.12357419,4.564253296,1.914975207
4/26/2018,4.721901667,3.738970551,2.762304032
4/27/2018,4.37592971,2.797835958,2.565479606
4/28/2018,4.639452417,3.058142903,2.605567795
4/29/2018,3.657075908,2.901353511,2.591209234
4/30/2018,1.242712356,3.874674876,2.88365574
5/1/2018,1.734048312,3.530034117,1.393467913
5/2/2018,3.342422952,NA,1.689880366
5/3/2018,3.849064763,2.87692076,1.986292818
5/4/2018,5.699251674,4.319423166,2.282705271
5/5/2018,3.072486358,3.920505021,2.583121749
5/6/2018,2.029182994,2.542840179,2.278084237
5/7/2018,1.096107814,2.300843869,1.973046725
5/8/2018,4.494957002,1.664745799,2.081125806
5/9/2018,40.10912473,30.12415834,10.11495918
5/10/2018,4.573094551,NA,8.170751223
5/11/2018,4.484922418,2.794389583,6.226543266
5/12/2018,4.044340824,3.83125334,4.282335308
5/13/2018,2.7178936,4.398440739,2.338127351
5/14/2018,3.347682064,5.054320933,2.509815093
5/15/2018,3.707176802,4.612380502,1.979864234
5/16/2018,5.213058003,4.984042675,10.12444259
5/17/2018,5.638131551,5.679617537,12.63470489
5/18/2018,5.904736397,4.9240132,15.14496719
5/19/2018,5.254790456,5.00850741,17.65522948
5/20/2018,3.441700581,5.284207965,20.16549178
5/21/2018,2.517753799,3.921905078,1.28495197
5/22/2018,4.419015792,3.996001666,1.515691202
5/23/2018,5.75432859,4.453905596,10.10390008
5/24/2018,6.512975681,5.369034005,1.234248088
5/25/2018,6.220406151,4.718542166,20.1413625
5/26/2018,5.761048085,4.728524165,1.647680778
5/27/2018,3.034572086,5.038954879,2.832177045
5/28/2018,3.073711584,5.009684206,2.463262605
5/29/2018,5.660498722,4.22162233,1.805444018
5/30/2018,5.584537382,3.610973311,2.300156206
5/31/2018,5.3724306,NA,1.613784083
6/1/2018,6.685250611,4.95969967,1.645793316
6/2/2018,5.435008638,90.11056575,1.888900485
6/3/2018,3.615046695,2.702174007,2.191894896
6/4/2018,3.652184649,3.822498669,2.494889307
6/5/2018,30.1994729,6.08839006,2.756656205
6/6/2018,6.210812602,5.743850889,2.816048703
6/7/2018,7.248951175,3.456979631,2.8754412
6/8/2018,6.758588761,30.18401193,2.351120844
6/9/2018,60.13478562,4.728580405,0.394555041
6/10/2018,4.21059957,3.810035523,1.816304632
6/11/2018,3.893183917,5.959974739,2.440114612
6/12/2018,4.444713874,6.786645258,30.12314439
6/13/2018,7.880009511,6.090574377,16.7012154
6/14/2018,6.749250225,3.586752705,3.279286403
6/15/2018,6.725926773,2.942037967,2.670712335
6/16/2018,5.750521595,20.10148804,2.062138267
6/17/2018,4.468244315,4.253789753,1.453564199
6/18/2018,4.320007043,5.456866098,2.860164671
6/19/2018,6.535542965,6.732786298,30.16140593
6/20/2018,80.1441305,5.516173433,20.95204592
6/21/2018,8.046529054,50.15017385,11.74268591
6/22/2018,80.12299859,40.18154102,2.533325896
6/23/2018,7.563306933,40.19112188,2.244458422
6/24/2018,5.536019913,4.598125592,2.528676874
6/25/2018,4.385086441,5.870475487,2.812895325
6/26/2018,6.038262771,6.785881713,3.086580768
6/27/2018,7.6914391,6.8380577,2.903642373
6/28/2018,7.419574881,5.34683769,2.720703978
6/29/2018,7.497241649,3.423971583,2.291003283
6/30/2018,7.77867744,3.205862715,1.975750807
7/1/2018,4.412676081,4.067326648,2.279512111
7/2/2018,3.251149364,50.17087446,2.583273414
7/3/2018,5.367054963,8.490464258,2.774234641
7/4/2018,70.10851964,3.802655157,1.289381021
7/5/2018,3.467831621,2.447528646,10.13000695
7/6/2018,3.837911137,3.529702671,5.423578769
7/7/2018,6.961598209,2.633571395,0.717150587
7/8/2018,3.316594486,1.762270156,0.825009904
7/9/2018,4.042720952,30.15927977,2.779365138
7/10/2018,3.391416983,4.56375427,1.338992507
7/11/2018,6.32711791,10.38884409,4.675731847
7/12/2018,5.964297264,30.12170305,8.012471186
7/13/2018,5.601476617,NA,7.464780036
7/14/2018,7.655606087,NA,6.917088886
7/15/2018,4.663901932,NA,6.369397736
7/16/2018,1.672197776,1.815811728,5.821706586
7/17/2018,50.13267949,3.6336248,5.274015436
7/18/2018,6.469265034,NA,4.726324286
7/19/2018,9.012489316,19.0879571,4.178633136
7/20/2018,9.001198995,7.2156066,3.630941986
7/21/2018,60.1984269,3.380120038,3.083250836
7/22/2018,56.84927045,NA,2.535559686
7/23/2018,53.50011401,1.853552837,1.686046465
7/24/2018,50.15095756,0.295371635,0.836533243
7/25/2018,5.20168232,NA,0.539240791
7/26/2018,4.868600982,NA,0.766522183
7/27/2018,5.500467421,NA,0.764841886
7/28/2018,3.74359909,NA,0.76316159
7/29/2018,3.601866057,0.233698908,0.761481293
7/30/2018,3.460133023,0.368354469,0.724789599
7/31/2018,3.31839999,0.713952554,0.688097905
8/1/2018,4.374652669,NA,10.18139099
8/2/2018,4.518328155,NA,0.464649562
8/3/2018,5.658047253,NA,1.274351529
8/4/2018,5.096839683,NA,3.487375687
8/5/2018,0.497095075,NA,5.700399845
8/6/2018,1.853972779,NA,7.913424002
8/7/2018,3.210850482,NA,10.12644816
8/8/2018,5.960232494,NA,5.895162009
8/9/2018,5.548729267,NA,1.663875857
8/10/2018,80.16524525,NA,3.083353641
8/11/2018,5.650790934,NA,4.502831425
8/12/2018,1.498116711,NA,5.922309209
8/13/2018,2.704252892,10.16462582,7.341786992
8/14/2018,3.910389073,1.964459735,8.761264776
8/15/2018,4.964245039,1.030231488,10.18074256
8/16/2018,5.041247812,NA,0.853174843
8/17/2018,50.18529906,NA,0.80623456
8/18/2018,11.75580238,NA,0.759294277
8/19/2018,0.990113015,0.731666624,10.12252863
8/20/2018,2.293066094,NA,5.568919533
8/21/2018,3.596019172,4.059592742,1.015310435
8/22/2018,4.898972251,NA,2.695584804
8/23/2018,3.610634627,10.23192535,4.375859172
8/24/2018,3.536730179,2.605148061,6.056133541
8/25/2018,2.871379344,NA,1.825918362
8/26/2018,2.206028508,NA,0.219402402
8/27/2018,1.540677673,NA,0.504095484
8/28/2018,40.13688322,1.848182853,0.788788566
8/29/2018,6.625123574,1.913040379,1.073481648
8/30/2018,7.037439704,0.94469924,1.35817473
8/31/2018,5.36641202,NA,1.672704166
9/1/2018,60.12217878,NA,0.742807141
9/2/2018,4.726113793,NA,0.671138749
9/3/2018,3.069440291,40.12592773,0.627536943
9/4/2018,1.412766788,1.67772202,0.583935137
9/5/2018,2.03459475,2.052554681,1.652539526
9/6/2018,2.601212529,NA,2.721143914
9/7/2018,1.273164982,NA,1.639771908
9/8/2018,1.024389974,NA,0.558399901
9/9/2018,0.581615807,0.759391189,0.745524216
9/10/2018,0.491012412,2.20724524,0.808099166
9/11/2018,0.657671587,NA,0.734879362
9/12/2018,0.976524564,NA,0.661659558
9/13/2018,0.699611187,0.330650918,0.689180092
9/14/2018,1.006462091,1.038496138,0.723564222
9/15/2018,1.432183665,0.619279528,1.096339355
9/16/2018,1.018087775,0.770033771,0.587319323
9/17/2018,0.508326942,1.28013931,0.72521629
9/18/2018,10.13084482,0.32941699,0.194508575
9/19/2018,1.599217837,NA,0.48794419
9/20/2018,1.225307566,NA,0.726067654
9/21/2018,1.583838191,1.932442686,10.17052318
9/22/2018,1.817476081,0.916253244,1.610461548
9/23/2018,1.92717405,0.873814753,10.15486996
9/24/2018,1.730834088,1.245624706,0.907977787
9/25/2018,1.245310668,1.002022143,0.694570248
9/26/2018,0.945068112,0.742885469,1.021266831
9/27/2018,1.434427465,0.905675805,0.938068603
9/28/2018,0.634095484,NA,1.374523471
9/29/2018,0.810779267,0.361614138,0.937431505
9/30/2018,1.727904862,0.529258396,0.476137433
10/1/2018,5.944822676,1.424970728,0.334225177
10/2/2018,10.16174049,0.953516068,0.192312921
10/3/2018,0.593161793,1.328588724,10.1662781
10/4/2018,6.589522553,NA,5.221564925
10/5/2018,0.867536064,NA,0.27685175
10/6/2018,0.419929251,NA,0.432771091
10/7/2018,1.607512225,NA,0.588690433
10/8/2018,1.635190166,0.878190739,0.744609774
10/9/2018,1.662868107,NA,0.900529115
10/10/2018,0.51740018,NA,1.263249064
10/11/2018,0.897866795,NA,0.19099589
10/12/2018,1.278333409,NA,0.907022396
10/13/2018,0.528726388,0.368101357,0.6342077
10/14/2018,0.439681273,NA,0.361393004
10/15/2018,1.959706976,0.740895028,0.577179825
10/16/2018,0.713443366,NA,0.394896292
10/17/2018,10.12435783,NA,0.212612758
10/18/2018,5.930078946,0.572809968,0.612498575
10/19/2018,1.735800061,0.765761182,0.316422932
10/20/2018,1.284587775,NA,0.29863295
10/21/2018,0.676371706,NA,0.280842968
10/22/2018,0.834589753,NA,0.263052986
10/23/2018,0.992807799,NA,0.245263004
10/24/2018,0.7051871,NA,0.227473021
10/25/2018,1.023356708,NA,0.209683039
10/26/2018,1.341526316,NA,0.191893057
10/27/2018,0.91411776,NA,0.174103075
10/28/2018,0.787287995,NA,0.229668573
10/29/2018,0.664198953,NA,0.285234071
10/30/2018,1.121319422,NA,0.340799568
10/31/2018,1.57843989,NA,0.396365066
11/1/2018,0.923791967,NA,0.233937198
11/2/2018,2.297049011,0.340786471,0.360344854
11/3/2018,1.88993291,NA,0.48675251
11/4/2018,1.482816809,1.408523684,0.691267839
11/5/2018,0.640869376,NA,0.343151059
11/6/2018,0.690161805,NA,2.541863231
11/7/2018,0.739454233,4.477267531,1.747079615
11/8/2018,0.788746662,NA,0.952295999
11/9/2018,2.276967423,2.918847051,1.829632773
11/10/2018,1.331383011,0.772111796,1.316215986
11/11/2018,0.424519738,NA,0.8027992
11/12/2018,1.217877102,1.443855384,0.289382413
11/13/2018,1.607625603,1.399491376,0.221537136
11/14/2018,1.85189599,1.273512852,0.351200873
11/15/2018,1.042113425,10.17460793,0.480864609
11/16/2018,1.09371519,1.666779206,0.500486482
11/17/2018,0.847575478,10.17603618,0.520108354
11/18/2018,1.073597022,1.329279973,0.539730227
11/19/2018,1.249534894,1.229483223,0.456625125
11/20/2018,1.299044841,1.329447036,0.387761036
11/21/2018,10.19543499,1.319490301,0.546904279
11/22/2018,5.516364724,0.691196933,0.461610874
11/23/2018,0.837294457,1.23763355,0.376317469
11/24/2018,0.381071267,0.561008896,0.700221521
11/25/2018,1.212526227,0.936326608,0.590891706
11/26/2018,0.971987905,1.098189937,0.674866144
11/27/2018,1.762775622,1.384744972,0.815934062
11/28/2018,1.283207691,0.741020769,0.663229203
11/29/2018,0.803639759,1.355946483,0.465881671
11/30/2018,0.630050228,NA,0.539429932
12/1/2018,1.364159612,1.248654088,1.398127984
12/2/2018,1.289941249,NA,0.939945007
12/3/2018,1.215722885,NA,0.880629905
12/4/2018,0.907608363,NA,0.560600756
12/5/2018,0.599493841,NA,0.464088063
12/6/2018,0.610239763,NA,0.36757537
12/7/2018,0.620985686,0.681881123,0.271062677
12/8/2018,0.631731608,0.216072323,0.344178627
12/9/2018,0.642477531,0.788860669,0.416778465
12/10/2018,0.653223453,0.761657767,0.356803251
12/11/2018,0.303120904,NA,0.322212611
12/12/2018,0.689152104,NA,0.287621972
12/13/2018,1.075183304,0.444538751,0.253031332
12/14/2018,10.16575706,0.479747543,0.218440692
12/15/2018,5.372208039,NA,0.316279524
12/16/2018,0.578659017,0.62044861,0.414118356
12/17/2018,0.868318245,0.592339453,0.241969274
12/18/2018,0.799061996,NA,0.823333194
12/19/2018,0.729805746,0.703960857,0.142368349
12/20/2018,0.660549497,0.734836152,0.694485173
12/21/2018,0.623804106,NA,0.692639909
12/22/2018,0.715784654,NA,0.690794645
12/23/2018,0.807765201,0.425864117,0.66576407
12/24/2018,10.116496,0.744706927,0.793738363
12/25/2018,6.883299494,NA,0.814848809
12/26/2018,3.650102989,0.691356757,0.835959255
12/27/2018,0.416906483,0.524465623,0.857069701
12/28/2018,0.781997553,NA,0.814263931
12/29/2018,0.936175603,NA,0.422542006
12/30/2018,0.340736753,0.602713839,0.290712328
12/31/2018,0.65441093,NA,0.424021604
1/1/2019,0.968085106,NA,0.55733088
1/2/2019,0.780541761,NA,0.600268809
1/3/2019,0.592998415,NA,0.643206737
1/4/2019,0.403499517,0.791126871,0.455752781
1/5/2019,0.957105276,0.706803443,0.268298824
1/6/2019,5.76349477,NA,0.537590458
1/7/2019,10.56988426,NA,0.806882091
1/8/2019,15.37627376,0.677391746,0.522103163
1/9/2019,20.18266325,0.473370964,0.284963369
1/10/2019,0.682158785,NA,0.978800905
1/11/2019,0.284583847,NA,0.291629386
1/12/2019,1.55537264,0.706897888,0.331310221
1/13/2019,1.240882244,NA,0.763304399
1/14/2019,0.926391847,1.280458015,0.733665112
1/15/2019,1.303497674,0.592025711,0.668750959
1/16/2019,1.680603501,0.319383284,0.603836806
1/17/2019,2.057709328,0.229328063,0.355134065
1/18/2019,1.890442498,NA,0.421399709
1/19/2019,1.723175669,NA,0.481141294
1/20/2019,1.555908839,0.98356767,0.187125046
1/21/2019,1.678398729,NA,0.253331694
1/22/2019,1.800888619,NA,0.319538342
1/23/2019,1.923378509,0.576010178,0.38574499
1/24/2019,0.75223512,0.626073031,0.115146299
1/25/2019,0.633479926,0.458494015,0.399171504
1/26/2019,0.514724731,NA,0.587799879
1/27/2019,0.671085331,NA,0.472159752
1/28/2019,0.552541452,0.63163619,0.587600263
1/29/2019,0.433997573,0.729231847,0.45892977
1/30/2019,0.953333681,0.895026186,0.330259276
1/31/2019,0.549430378,0.34775781,0.567464435
2/1/2019,1.257035216,0.877631274,0.804669594
2/2/2019,1.911290989,0.636188476,0.872644916
2/3/2019,0.951762241,NA,0.940620238
2/4/2019,0.909188319,0.573854412,0.635396409
2/5/2019,10.12729628,NA,0.392625427
2/6/2019,5.985884235,NA,0.357955567
2/7/2019,1.84447219,0.88506657,0.323285707
2/8/2019,2.891848913,0.849126709,0.411905425
2/9/2019,2.514059338,NA,0.376298579
2/10/2019,2.136269762,NA,0.340691733
2/11/2019,1.758480187,0.603056462,0.421976624
2/12/2019,1.380690611,1.396016734,0.503261515
2/13/2019,1.039246388,0.771681297,0.431797041
2/14/2019,0.697802164,0.838162254,0.360332568
2/15/2019,0.945360255,0.600587138,0.288868094
2/16/2019,0.358947954,0.344033036,0.417209774
2/17/2019,0.765369285,NA,0.540327574
2/18/2019,0.609278607,1.858867311,0.648035661
2/19/2019,0.765304456,NA,0.755743747
2/20/2019,0.921330306,1.364678823,0.875399824
2/21/2019,1.077356155,20.19630908,0.537086947
2/22/2019,1.233382005,0.149059012,1.518141288
2/23/2019,1.389407854,2.040979313,0.63233384
2/24/2019,20.1094587,2.345037488,1.588178087
2/25/2019,13.56859663,NA,0.935408659
2/26/2019,7.02773456,0.49590282,0.782194481
2/27/2019,0.48687249,1.015797642,0.742812789
2/28/2019,1.571972233,0.859396355,0.703431098
3/1/2019,2.657071976,1.297450376,0.664049406
3/2/2019,2.536735664,NA,0.536767976
3/3/2019,0.872958533,NA,0.807100767
3/4/2019,1.676569097,NA,0.937098493
3/5/2019,2.48017966,1.864807992,1.067096218
3/6/2019,1.718781217,NA,0.857751559
3/7/2019,0.957382774,1.449313476,0.737017614
3/8/2019,1.292467276,NA,0.592683911
3/9/2019,2.085141857,NA,1.308816242
3/10/2019,1.355889588,0.735811228,0.549425706
3/11/2019,0.774733097,1.779444926,0.659308553
3/12/2019,1.915586804,NA,0.841318821
3/13/2019,2.153739879,NA,0.87933663
3/14/2019,2.391892953,1.648599602,0.917354439
3/15/2019,2.974531345,1.859237376,1.674035705
3/16/2019,1.477591538,1.471551028,1.37090001
3/17/2019,1.057247159,1.257269616,1.607845926
3/18/2019,1.079599406,0.893763969,0.914128795
3/19/2019,1.844096013,1.919110298,0.618780828
3/20/2019,2.760199786,NA,1.418036445
3/21/2019,0.642946261,NA,0.775580608
3/22/2019,1.031460536,NA,0.659547334
3/23/2019,0.921721164,2.081561368,0.690020614
3/24/2019,0.569663943,0.317721579,1.045135137
3/25/2019,1.54377045,2.210424899,1.206414798
3/26/2019,1.334143233,1.022376898,0.727887252
3/27/2019,1.992681625,0.734447849,0.309876634
3/28/2019,1.491255896,NA,0.626076575
3/29/2019,0.917000821,NA,0.26055868
3/30/2019,2.524511284,10.10059805,1.476679614
3/31/2019,0.572787915,0.565077966,10.15558792
4/1/2019,0.487118802,0.516183124,10.14180874
4/2/2019,0.421766819,NA,0.579121394
4/3/2019,5.29270149,0.217898207,0.76589822
4/4/2019,10.16363616,1.701255016,0.866834535
4/5/2019,6.959079487,0.80734542,0.96777085
4/6/2019,3.754522814,0.331479204,1.037979377
4/7/2019,0.549966141,1.602507777,1.335980504
4/8/2019,0.599430602,1.54008138,10.19021595
4/9/2019,0.648895063,0.835445301,0.49602377
4/10/2019,0.698359524,0.211943274,1.00803893
4/11/2019,0.747823985,1.965639469,1.520054089
4/12/2019,0.740982686,0.986999108,10.16602724
4/13/2019,0.734141386,0.758213762,1.864450243
4/14/2019,0.805456552,1.675388032,1.428052113
4/15/2019,0.876771718,0.897527825,1.074724582
4/16/2019,0.948086884,1.050632936,0.562945063
4/17/2019,1.091336633,1.502497598,10.12664504
4/18/2019,2.446435879,2.01894944,1.583495868
4/19/2019,1.873880094,1.941326454,1.843464228
4/20/2019,1.938333083,1.682223094,1.819876335
4/21/2019,2.002786072,10.19593496,10.10946575
4/22/2019,2.067239061,1.997546467,1.276311977
4/23/2019,2.036834448,1.840947452,1.999737933
4/24/2019,2.006429834,1.481521411,1.781259868
4/25/2019,1.976025221,1.903504463,2.294618875
4/26/2019,1.945620607,2.597421313,1.307646716
4/27/2019,2.717895548,2.470405488,1.538726803
4/28/2019,2.244600537,2.380703487,1.954318024
4/29/2019,1.771305526,1.556088613,10.17202332
4/30/2019,1.298010514,3.431975613,20.18365136
5/1/2019,0.824715503,2.503669972,2.054476977
5/2/2019,2.571536413,40.1698378,2.484093332
5/3/2019,1.568921424,2.884434905,3.420237768
5/4/2019,1.434856621,1.959884582,2.3990374
5/5/2019,1.204969527,0.923510524,20.14179745
5/6/2019,0.975082432,3.010591754,13.8964786
5/7/2019,1.620271668,3.058250866,7.651159741
5/8/2019,1.694324254,3.640090761,1.405840887
5/9/2019,1.624323643,1.48533838,2.168352967
5/10/2019,2.373282162,3.411714581,2.930865047
5/11/2019,0.445683665,2.522052145,5.488778918
5/12/2019,0.507560397,3.20167917,2.780505737
5/13/2019,0.56943713,1.03681422,5.343063884
5/14/2019,0.631313862,2.0922183,0.944782097
5/15/2019,7.150596431,1.593360656,1.085527057
5/16/2019,13.669879,0.765252718,0.929259733
5/17/2019,20.18916157,0.846954665,0.772992409
5/18/2019,2.577671733,2.93006616,1.701956475
5/19/2019,2.746432809,1.768743609,1.779835532
5/20/2019,2.915193886,2.741710326,2.087127298
5/21/2019,3.083954962,3.068765697,2.205619745
5/22/2019,2.175072056,4.200184384,2.866457424
5/23/2019,1.266189151,0.7233212,2.178214434
5/24/2019,0.357306245,0.70755028,1.489971445
5/25/2019,0.441423834,2.02724016,0.801728455
5/26/2019,0.525541423,0.554349776,1.216153482
5/27/2019,0.609659011,1.281071821,1.241417147
5/28/2019,0.6937766,1.955050985,1.379263185
5/29/2019,0.777894189,NA,1.517109222
5/30/2019,1.251430621,NA,1.67104829
5/31/2019,0.89615439,1.613410224,1.824987357
6/1/2019,0.540878159,1.886275204,1.978926425
6/2/2019,0.927572698,1.645312777,0.395073161
6/3/2019,1.314267237,1.40687581,1.599972846
6/4/2019,1.700961776,2.596896486,1.399855278
6/5/2019,3.558080273,20.15536338,1.199737709
6/6/2019,4.025467827,0.703379288,0.999620141
6/7/2019,4.060501334,0.224781936,0.996219666
6/8/2019,4.800085103,NA,0.992819191
6/9/2019,1.661940795,2.586945797,1.404975259
6/10/2019,1.21869505,2.56282464,1.278882338
6/11/2019,2.918850437,50.14317706,2.313413446
6/12/2019,5.252502875,4.015773788,2.317489249
6/13/2019,4.97767444,2.311617288,2.321565052
6/14/2019,4.387732375,NA,0.637721587
6/15/2019,6.206158211,1.355781519,0.769773689
6/16/2019,3.55912182,1.025082456,0.682095
6/17/2019,0.912085428,3.985737658,2.028578768
6/18/2019,3.741392727,5.002979577,3.043485055
6/19/2019,60.18692176,5.037105685,2.841291008
6/20/2019,5.251768422,1.492206987,2.63909696
6/21/2019,2.657472629,NA,1.095529724
6/22/2019,40.15670195,NA,0.922774897
6/23/2019,1.584222984,1.882460859,0.750020069
6/24/2019,1.480825856,30.19196486,1.264946222
6/25/2019,3.51902544,4.674904208,20.18936783
6/26/2019,30.17167567,4.806457959,11.70400915
6/27/2019,17.73158813,2.99719802,3.21865046
6/28/2019,5.291500594,20.14415346,1.772165238
6/29/2019,5.592307888,0.922088614,1.331096073
6/30/2019,1.958387167,2.514390377,0.736345651
7/1/2019,1.940659304,5.345481411,2.312398946
7/2/2019,4.648118022,5.988624361,2.274549336
7/3/2019,5.048531638,NA,2.236699726
7/4/2019,5.73247335,1.927842661,2.386894367
7/5/2019,5.614332971,30.11044271,1.020659392
7/6/2019,4.941609945,30.14275696,1.433101427
7/7/2019,3.497999204,1.824427891,1.032400488
7/8/2019,30.11640858,NA,1.691144914
7/9/2019,5.536026707,5.201873861,2.141961678
7/10/2019,7.459976709,3.642412203,2.592778441
7/11/2019,50.10990712,2.49231092,1.691120947
7/12/2019,50.14234092,NA,1.344678964
7/13/2019,5.215622818,NA,1.1686601
7/14/2019,3.029734721,20.1784915,0.992641235
7/15/2019,2.570329235,3.749456316,1.006297057
7/16/2019,2.871325245,6.501806536,2.42408233
7/17/2019,4.521672213,2.923957836,1.570219036
7/18/2019,4.653735165,1.441736402,0.716355742
7/19/2019,4.923894113,NA,5.444826756
7/20/2019,7.542552691,NA,10.17329777
7/21/2019,40.13991574,20.17741315,1.321222026
7/22/2019,2.799293078,2.620651872,1.456233284
7/23/2019,6.012141544,4.701819158,1.6937708
7/24/2019,5.078618946,2.048758547,1.335641815
7/25/2019,5.573724374,NA,1.683279887
7/26/2019,7.287073844,3.625374708,0.483324741
7/27/2019,3.892931506,4.499659018,0.949532224
7/28/2019,2.234211779,1.491767246,1.194073784
7/29/2019,0.575492052,1.612894162,1.438615344
7/30/2019,5.840351286,1.34461375,1.683156904
7/31/2019,5.354361817,NA,0.921216746
